Table,Variable,DType,Definition,NeedsReview
SMART Traffic Camera,OBJECTID,int,Internal ArcGIS row identifier. Not stable across reloads.,
SMART Traffic Camera,LocationId,string,Derq's unique identifier for a camera location. Joins every table back to the SMART Traffic Camera layer.,
SMART Traffic Camera,LocationName,string,Human-readable name of the camera location.,
SMART Traffic Camera,Latitude,float,Latitude of the camera location in decimal degrees (WGS 84).,
SMART Traffic Camera,Longitude,float,Longitude of the camera location in decimal degrees (WGS 84).,
SMART Traffic Camera,GlobalID,string,Globally unique ArcGIS row identifier.,
SMART Traffic Camera,created_user,string,ArcGIS user that created the row (editor tracking).,
SMART Traffic Camera,created_date,date,Timestamp the row was created (editor tracking).,
SMART Traffic Camera,last_edited_user,string,ArcGIS user that last edited the row (editor tracking).,
SMART Traffic Camera,last_edited_date,date,Timestamp the row was last edited (editor tracking).,
SMART Traffic Camera,Status,string,"Deployment type. ""Permanent"" for a fixed installation, ""Temporary"" for a short-term or relocatable deployment.",
SMART Traffic Camera,DateRange,string,Free-text period the camera was active. Populated by hand; currently null for all locations.,
SMART Traffic Camera,SHAPE,geometry,"Feature geometry (esriGeometryPoint), 26910 spatial reference.",
Safety Insights,OBJECTID,int,Internal ArcGIS row identifier. Not stable across reloads.,
Safety Insights,EventType,string,"Event classification code. One of IC, WWD, STPV, TV, LCV, RLV, NM-VV, NM-VRU, CRSH. Confirmed expansions: WWD = wrong-way driving, RLV = red light violation, NM-VV = near miss between two vehicles, NM-VRU = near miss between a vehicle and a vulnerable road user, CRSH = crash, IC = illegal crossing. STPV, TV and LCV are inferred as stopped vehicle, turn violation and lane change violation respectively and are NOT yet confirmed with Derq.",yes
Safety Insights,EventId,string,Derq's unique identifier for the event.,
Safety Insights,TimeAtSite,date,"Timestamp of the event at the camera site, to the millisecond. Stored in UTC.",
Safety Insights,DetectionArea,string,"Part of the intersection where the event was detected (for example ""West Leg"", ""North Leg"").",
Safety Insights,Direction,string,Compass direction of travel of the primary object involved.,
Safety Insights,CameraId,int,Index of the camera at the location that recorded the event. Zero for single-camera sites.,
Safety Insights,Object1Class,string,Classification of the primary object involved in the event.,
Safety Insights,Object2Class,string,Classification of the second object involved. Null for single-object events such as a stopped vehicle.,
Safety Insights,Movement,string,"Movement the primary object was making (through, left, right).",
Safety Insights,LocationId,string,Derq's unique identifier for a camera location. Joins every table back to the SMART Traffic Camera layer.,
Safety Insights,LocationName,string,Human-readable name of the camera location.,
Safety Insights,Camera_Status,string,"Deployment type of the camera that recorded the event (""Permanent"" or ""Temporary""). A denormalized copy of Status on the SMART Traffic Camera layer, joined on LocationId when the row is loaded.",
Speed,OBJECTID,int,Internal ArcGIS row identifier. Not stable across reloads.,
Speed,speedinterval,string,"Speed bucket in miles per hour, using the 5/10/15/20/25 mph break points (for example ""20-24 mph"", ""25+ mph"").",
Speed,approach,string,"Direction of travel on approach to the intersection (NB, SB, EB, WB).",
Speed,counts,float,Number of vehicles observed in this speed bucket.,
Speed,LocationId,string,Derq's unique identifier for a camera location. Joins every table back to the SMART Traffic Camera layer.,
Speed,LocationName,string,Human-readable name of the camera location.,
Vehicle Counts,OBJECTID,int,Internal ArcGIS row identifier. Not stable across reloads.,
Vehicle Counts,counts,float,Number of vehicles observed in this interval.,
Vehicle Counts,timeInterval,string,"Fifteen-minute collection window the row covers, as a local-time label (for example ""02:30 PM - 02:44 PM"").",
Vehicle Counts,approach,string,"Direction of travel on approach to the intersection (NB, SB, EB, WB).",
Vehicle Counts,class,string,"Object classification assigned by the camera's computer vision model (for example passenger_vehicle, bus, bicycle, pedestrian).",
Vehicle Counts,LocationId,string,Derq's unique identifier for a camera location. Joins every table back to the SMART Traffic Camera layer.,
Vehicle Counts,LocationName,string,Human-readable name of the camera location.,
Vehicle Counts,Date,date,"Date of observation, stored as UTC midnight.",
VRU Counts,OBJECTID,int,Internal ArcGIS row identifier. Not stable across reloads.,
VRU Counts,counts,float,Number of vulnerable road users observed in this interval.,
VRU Counts,timeInterval,string,"Fifteen-minute collection window the row covers, as a local-time label (for example ""02:30 PM - 02:44 PM"").",
VRU Counts,approach,string,"Direction of travel on approach to the intersection (NB, SB, EB, WB).",
VRU Counts,class,string,"Object classification assigned by the camera's computer vision model (for example passenger_vehicle, bus, bicycle, pedestrian).",
VRU Counts,LocationId,string,Derq's unique identifier for a camera location. Joins every table back to the SMART Traffic Camera layer.,
VRU Counts,LocationName,string,Human-readable name of the camera location.,
VRU Counts,Date,date,"Date of observation, stored as UTC midnight.",
Daily Vehicle Counts,OBJECTID,int,Internal ArcGIS row identifier. Not stable across reloads.,
Daily Vehicle Counts,LocationName,string,Human-readable name of the camera location.,
Daily Vehicle Counts,counts,float,Total vehicles observed at this location on this date.,
Daily Vehicle Counts,Date,date,"Date of observation, stored as UTC midnight.",
Daily Vehicle Counts,GlobalID,string,Globally unique ArcGIS row identifier.,
Daily Vehicle Counts,created_user,string,ArcGIS user that created the row (editor tracking).,
Daily Vehicle Counts,created_date,date,Timestamp the row was created (editor tracking).,
Daily Vehicle Counts,last_edited_user,string,ArcGIS user that last edited the row (editor tracking).,
Daily Vehicle Counts,last_edited_date,date,Timestamp the row was last edited (editor tracking).,
