TAZ,Residential_Units,adjusted_occupancy,adjusted_seasonal_rate,adjusted_high_income,adjusted_middle_income,adjusted_low_income,VHR_Count,occupancy,total_seasonal_units,adjusted_season_units,high_income,middle_income,low_income
9,325,0.24378698224852072,0.6828402366863905,0.16019417475728157,0.24271844660194175,0.5970873786407767,2.0,79.23076923076923,221.9230769230769,219.9230769230769,12.692307692307693,19.230769230769234,47.30769230769231
10,2,0.24378698224852072,0.6828402366863905,0.16019417475728157,0.24271844660194175,0.5970873786407767,1.0,0.48757396449704143,1.365680473372781,0.365680473372781,0.07810650887573965,0.1183431952662722,0.2911242603550296
11,285,0.24378698224852072,0.6828402366863905,0.16019417475728157,0.24271844660194175,0.5970873786407767,2.0,69.47928994082841,194.60946745562129,192.60946745562129,11.1301775147929,16.86390532544379,41.485207100591715
12,1107,0.5760223426259782,0.25649992802116756,0.36063670383501095,0.12936315110244004,0.510000145062549,6.0,637.6567332869579,283.94542031943246,277.94542031943246,229.9624224708092,82.48928433968904,325.20502647645964
13,452,0.575026117640183,0.40169569844292596,0.235929937845695,0.18041260568829265,0.5836574564660124,1.0,259.9118051733627,181.56645569620252,180.56645569620252,61.320976039913845,46.89136602047423,151.69946311297466
14,305,0.5369672372440485,0.36836253782266903,0.4622864061944631,0.1650793770408717,0.37263421676466524,8.0,163.7750073594348,112.35057403591405,104.35057403591405,75.71095957666486,27.035876189759673,61.02817159301026
15,281,0.5158227848101266,0.48417721518987344,0.2474437627811861,0.18200408997955012,0.5705521472392638,6.0,144.94620253164555,136.05379746835445,130.05379746835445,35.86603375527426,26.380801687763714,82.6993670886076
16,3,0.5158227848101266,0.48417721518987344,0.2474437627811861,0.18200408997955012,0.5705521472392638,,1.5474683544303796,1.4525316455696204,,0.3829113924050633,0.28164556962025317,0.8829113924050633
17,0,0.0,0.0,0.0,0.0,0.0,,0.0,0.0,,0.0,0.0,0.0
18,311,0.5510791366906475,0.40431654676258993,0.2819843342036554,0.4073107049608355,0.31070496083550914,,171.38561151079136,125.74244604316547,,48.32805755395683,69.80719424460432,53.250359712230214
19,101,0.5412403331820402,0.42854393672234853,0.25538350179665487,0.32122048837729067,0.42339600982605446,,54.665273651386066,43.2829376089572,,13.960609011763383,17.55960589957647,23.14505874004621
20,34,0.5392491467576792,0.4334470989761092,0.25,0.3037974683544304,0.4462025316455696,,18.334470989761094,14.737201365187714,,4.5836177474402735,5.5699658703071675,8.180887372013652
21,411,0.5396233313540991,0.4325256946481877,0.25101166993831514,0.3070716096582826,0.44191672040340224,1.0,221.78518918653475,177.76806050040514,176.76806050040514,55.67067070529723,68.10393504187596,98.01058343936154
22,0,0.0,0.0,0.0,0.0,0.0,,0.0,0.0,,0.0,0.0,0.0
23,543,0.6050372135884383,0.3311728972873717,0.22087664693455325,0.20309789615417706,0.5760254569112697,2.0,328.535206978522,179.82688322704283,177.82688322704283,72.56575491736538,66.72480934991493,189.24464271124168
24,362,0.6022833384326843,0.3488195644178477,0.19218668068256226,0.32843381120287773,0.4793795081145599,3.0,218.02656851263174,126.27268231926088,123.27268231926088,41.90180250305194,71.60729684008898,104.51746916949081
25,226,0.44815465729349735,0.4147627416520211,0.4235294117647059,0.10980392156862745,0.4666666666666667,,101.2829525483304,93.73637961335676,,42.89630931458699,11.121265377855888,47.26537785588752
26,257,0.6274205223183186,0.3108157613035869,0.46595170701954974,0.037229306572936924,0.49681898640751343,,161.24707423580787,79.87965065502183,,75.13334949208274,6.00311676071401,80.11060798301115
27,0,0.0,0.0,0.0,0.0,0.0,,0.0,0.0,,0.0,0.0,0.0
28,0,0.0,0.0,0.0,0.0,0.0,,0.0,0.0,,0.0,0.0,0.0
29,0,0.0,0.0,0.0,0.0,0.0,,0.0,0.0,,0.0,0.0,0.0
30,0,0.0,0.0,0.0,0.0,0.0,,0.0,0.0,,0.0,0.0,0.0
31,0,0.0,0.0,0.0,0.0,0.0,,0.0,0.0,,0.0,0.0,0.0
32,0,0.0,0.0,0.0,0.0,0.0,,0.0,0.0,,0.0,0.0,0.0
33,117,0.5510791366906475,0.40431654676258993,0.2819843342036554,0.4073107049608355,0.31070496083550914,2.0,64.47625899280575,47.30503597122302,45.30503597122302,18.181294964028776,26.26187050359712,20.033093525179854
34,374,0.5661375025987412,0.35673009101208936,0.5174185342484063,0.08376645290151209,0.39881501285008153,2.0,211.7354259719292,133.41705403852143,131.41705403852143,109.55583375485756,17.73632558725921,84.44326662981243
35,128,0.44815465729349735,0.4147627416520211,0.4235294117647059,0.10980392156862745,0.4666666666666667,2.0,57.36379613356766,53.0896309314587,51.0896309314587,24.29525483304042,6.298769771528998,26.76977152899824
36,0,0.0,0.0,0.0,0.0,0.0,,0.0,0.0,,0.0,0.0,0.0
37,378,0.6377888845185758,0.28212294685523787,0.3883792984748779,0.16449426276188522,0.44712643876323677,2.0,241.08419834802166,106.64247391127991,104.64247391127991,93.63211182778296,39.65696747079793,107.79511904944074
38,685,0.564027288796864,0.34193247182229247,0.4117031362414785,0.14909570864620156,0.43920115511231994,4.0,386.35869282585185,234.22374319827034,230.22374319827034,159.0650855505612,57.6044230984905,169.68918417680013
39,547,0.48986331605143774,0.4363357472165716,0.36172973491318117,0.1755860525427499,0.46268421254406894,6.0,267.95523388013646,238.67565372746466,232.67565372746466,96.92737572006122,47.049201775182475,123.97865638489274
40,151,0.6568047337278107,0.3431952662721893,0.21021021021021022,0.26426426426426425,0.5255255255255256,2.0,99.17751479289942,51.82248520710059,49.82248520710059,20.84812623274162,26.209072978303748,52.120315581854044
41,379,0.6568047337278107,0.3431952662721893,0.21021021021021022,0.26426426426426425,0.5255255255255256,3.0,248.92899408284023,130.07100591715977,127.07100591715977,52.32741617357002,65.78303747534517,130.81854043392508
42,961,0.6111395848463128,0.37410402418621036,0.2431161135741519,0.32235498183672523,0.43452890458912286,4.0,587.3051410373066,359.5139672429482,355.5139672429482,142.78334337110914,189.3207380716963,255.20105959450115
43,555,0.7497229882297349,0.15609834825458657,0.27504362784401637,0.16585954109078704,0.5590968310651966,4.0,416.0962584675029,86.63458328129555,82.63458328129555,114.44462446122353,69.01353447901354,232.63809952726587
44,275,0.2780979827089337,0.7060518731988472,0.6528497409326425,0.15025906735751296,0.19689119170984457,2.0,76.47694524495677,194.16426512968297,192.16426512968297,49.92795389048992,11.49135446685879,15.05763688760807
45,718,0.27079975700590336,0.6677416674063639,0.6337536377368387,0.09787059007415656,0.26837577218900477,9.0,194.43422553023862,479.4385171977693,470.4385171977693,123.22339773033364,19.02939238325609,52.18143541664889
46,256,0.6106817670863309,0.3870925134892086,0.5868654267631993,0.24398137887444182,0.16915319436235882,1.0,156.33453237410072,99.0956834532374,98.0956834532374,91.74733205955181,38.142714774324155,26.444485540224736
47,628,0.6361627455359625,0.32396393007812113,0.3317144373673036,0.23749115357395614,0.4307944090587403,8.0,399.5102041965845,203.44934808906007,195.44934808906007,132.5233026075666,94.8801392592136,172.10676232980427
48,516,0.5538793103448276,0.44612068965517243,0.42412451361867703,0.1517509727626459,0.42412451361867703,3.0,285.80172413793105,230.19827586206898,227.19827586206898,121.21551724137932,43.37068965517241,121.21551724137932
49,278,0.6675211593339088,0.27507568895195916,0.24394610379579043,0.20880107274143744,0.5472528234627722,,185.57088229482665,76.47104152864465,,45.26929371377019,38.74739929273482,101.55418928832162
50,63,0.7955182072829131,0.13445378151260504,0.27816901408450706,0.09154929577464789,0.6302816901408451,,50.11764705882353,8.470588235294118,,13.941176470588236,4.588235294117647,31.588235294117645
51,124,0.5571116007536835,0.4194644934773432,0.368204653622422,0.309884540807333,0.32191080557024504,,69.08183849345676,52.013597191190556,,25.43625441408334,21.407393799671187,22.238190279702227
52,166,0.6209987366891642,0.37890578051509965,0.5855928029908928,0.2487855856355763,0.16562161137353099,3.0,103.08579029040125,62.898359565506546,59.898359565506546,60.36629688468742,25.646258708103677,17.07323469761015
53,358,0.27807676934137326,0.7059405189451066,0.6527942352970882,0.15010679253486922,0.19709897216804242,3.0,99.55148342421163,252.72670578234815,249.72670578234815,64.98663449459899,14.943353868896608,19.621495060716025
54,655,0.49725647808887774,0.5027435219111223,0.3649901783403467,0.14841194477313674,0.48659787688651657,4.0,325.70299314821494,329.29700685178506,325.29700685178506,118.87839355515169,48.3382146315582,158.48638496150505
55,0,0.0,0.0,0.0,0.0,0.0,,0.0,0.0,,0.0,0.0,0.0
56,356,0.8813559322033898,0.11864406779661017,0.12179487179487179,0.25,0.6282051282051282,2.0,313.76271186440675,42.23728813559322,40.23728813559322,38.21468926553672,78.44067796610169,197.10734463276836
57,30,0.8813559322033898,0.11864406779661017,0.12179487179487179,0.25,0.6282051282051282,,26.440677966101696,3.5593220338983054,,3.2203389830508473,6.610169491525424,16.610169491525426
58,650,0.8325838519624927,0.08411263242331203,0.18643772637618794,0.27472723686569844,0.5388350367581136,1.0,541.1795037756203,54.67321107515282,53.67321107515282,100.89627624532027,148.676749720626,291.60647780967406
59,567,0.7729616502000536,0.17056405046336726,0.5068457468457469,0.22838013838013838,0.2647741147741148,5.0,438.2692556634304,96.70981661272923,91.70981661272923,222.13490820626095,100.09199325617448,116.04235420099496
60,559,0.7386018237082067,0.2006079027355623,0.15637860082304528,0.22633744855967078,0.6172839506172839,5.0,412.87841945288756,112.13981762917933,107.13981762917933,64.56534954407296,93.44984802431611,254.86322188449847
61,17,0.7386018237082067,0.2006079027355623,0.15637860082304528,0.22633744855967078,0.6172839506172839,,12.556231003039514,3.4103343465045595,,1.9635258358662615,2.8419452887537995,7.750759878419452
62,281,0.7386018237082067,0.2006079027355623,0.15637860082304528,0.22633744855967078,0.6172839506172839,3.0,207.54711246200608,56.37082066869301,53.37082066869301,32.455927051671736,46.97568389057751,128.11550151975683
63,0,0.0,0.0,0.0,0.0,0.0,,0.0,0.0,,0.0,0.0,0.0
64,1,0.6189024390243902,0.38109756097560976,0.458128078817734,0.27586206896551724,0.2660098522167488,,0.6189024390243902,0.38109756097560976,,0.28353658536585363,0.17073170731707316,0.16463414634146342
65,358,0.5317829457364341,0.4015503875968992,0.30612244897959184,0.13994169096209913,0.5539358600583091,53.0,190.37829457364342,143.7550387596899,90.75503875968991,58.27906976744187,26.64186046511628,105.45736434108528
66,239,0.5317829457364341,0.4015503875968992,0.30612244897959184,0.13994169096209913,0.5539358600583091,41.0,127.09612403100776,95.97054263565892,54.970542635658916,38.90697674418605,17.78604651162791,70.4031007751938
67,231,0.49385245901639346,0.47848360655737704,0.483402489626556,0.24273858921161826,0.27385892116182575,25.0,114.07991803278689,110.5297131147541,85.5297131147541,55.146516393442624,27.69159836065574,31.241803278688526
68,137,0.49385245901639346,0.47848360655737704,0.483402489626556,0.24273858921161826,0.27385892116182575,17.0,67.6577868852459,65.55225409836065,48.55225409836065,32.705942622950815,16.423155737704917,18.528688524590166
69,61,0.49385245901639346,0.47848360655737704,0.483402489626556,0.24273858921161826,0.27385892116182575,11.0,30.125,29.1875,18.1875,14.5625,7.312500000000001,8.25
70,190,0.49385245901639346,0.47848360655737704,0.483402489626556,0.24273858921161826,0.27385892116182575,15.0,93.83196721311475,90.91188524590164,75.91188524590164,45.35860655737705,22.776639344262296,25.696721311475414
71,64,0.49385245901639346,0.47848360655737704,0.483402489626556,0.24273858921161826,0.27385892116182575,11.0,31.60655737704918,30.62295081967213,19.62295081967213,15.278688524590164,7.672131147540984,8.655737704918034
72,0,0.0,0.0,0.0,0.0,0.0,,0.0,0.0,,0.0,0.0,0.0
73,0,0.0,0.0,0.0,0.0,0.0,,0.0,0.0,,0.0,0.0,0.0
74,0,0.0,0.0,0.0,0.0,0.0,,0.0,0.0,,0.0,0.0,0.0
75,911,0.4221650703931109,0.553670319939654,0.7253703112839244,0.13981313940762216,0.13481654930845344,80.0,384.59237912812404,504.39366146502476,424.39366146502476,278.97189376559237,53.771067918149484,51.849417444382155
76,280,0.5103882738136537,0.4513155837047462,0.6181545534880619,0.22415945544884622,0.1576859910630919,41.0,142.90871666782303,126.36836343732894,85.36836343732894,88.33967394135011,32.034340107152666,22.534702619320274
77,53,0.6189024390243902,0.38109756097560976,0.458128078817734,0.27586206896551724,0.2660098522167488,8.0,32.801829268292686,20.198170731707318,12.198170731707318,15.027439024390244,9.048780487804878,8.725609756097562
78,409,0.5250982564536469,0.4448571960183787,0.655785459137951,0.2458717785277979,0.09834276233425095,64.0,214.7651868895416,181.9465931715169,117.9465931715169,140.8398866912059,52.8046984663865,21.12060173194918
79,320,0.5149321088759333,0.45603903403916213,0.6022798807671409,0.24556415635496937,0.15215596287788977,32.0,164.77827484029865,145.9324908925319,113.93249089253189,99.24263972383025,40.46363804678521,25.071997069683203
80,1,0.7386018237082067,0.2006079027355623,0.15637860082304528,0.22633744855967078,0.6172839506172839,,0.7386018237082067,0.2006079027355623,,0.11550151975683892,0.16717325227963525,0.45592705167173253
81,0,0.0,0.0,0.0,0.0,0.0,,0.0,0.0,,0.0,0.0,0.0
82,10,0.7407407407407407,0.21728395061728395,0.68,0.20333333333333334,0.11666666666666667,2.0,7.4074074074074066,2.1728395061728394,0.17283950617283939,5.037037037037037,1.5061728395061726,0.8641975308641975
83,32,0.7407407407407407,0.21728395061728395,0.68,0.20333333333333334,0.11666666666666667,2.0,23.703703703703702,6.953086419753086,4.953086419753086,16.11851851851852,4.819753086419753,2.765432098765432
84,1,0.30179028132992325,0.6828644501278772,0.9067796610169492,0.0423728813559322,0.05084745762711865,,0.30179028132992325,0.6828644501278772,,0.27365728900255754,0.012787723785166238,0.015345268542199489
85,79,0.5386208801143986,0.45749424177365217,0.5717107578555101,0.21675088222891342,0.21153835991557657,10.0,42.551049529037485,36.14204510011852,26.142045100118523,24.326892773793368,9.222977525185065,9.001179230059057
86,79,0.6189024390243902,0.38109756097560976,0.458128078817734,0.27586206896551724,0.2660098522167488,3.0,48.89329268292683,30.10670731707317,27.10670731707317,22.399390243902438,13.48780487804878,13.00609756097561
87,22,0.6189024390243902,0.38109756097560976,0.458128078817734,0.27586206896551724,0.2660098522167488,1.0,13.615853658536585,8.384146341463415,7.384146341463415,6.23780487804878,3.7560975609756095,3.6219512195121952
88,62,0.6189024390243902,0.38109756097560976,0.458128078817734,0.27586206896551724,0.2660098522167488,1.0,38.3719512195122,23.628048780487806,22.628048780487806,17.57926829268293,10.585365853658535,10.207317073170731
89,13,0.4284023668639053,0.5715976331360947,0.5,0.24585635359116023,0.2541436464088398,,5.569230769230769,7.430769230769231,,2.7846153846153845,1.3692307692307693,1.4153846153846155
90,18,0.4284023668639053,0.5715976331360947,0.5,0.24585635359116023,0.2541436464088398,,7.7112426035502954,10.288757396449704,,3.8556213017751477,1.8958579881656807,1.9597633136094676
91,251,0.4284023668639053,0.5715976331360947,0.5,0.24585635359116023,0.2541436464088398,8.0,107.52899408284023,143.47100591715977,135.47100591715977,53.764497041420114,26.436686390532543,27.327810650887578
92,454,0.4284023668639053,0.5715976331360947,0.5,0.24585635359116023,0.2541436464088398,29.0,194.494674556213,259.505325443787,230.505325443787,97.2473372781065,47.817751479289946,49.42958579881657
93,3,0.4284023668639053,0.5715976331360947,0.5,0.24585635359116023,0.2541436464088398,1.0,1.285207100591716,1.714792899408284,0.7147928994082839,0.642603550295858,0.31597633136094677,0.32662721893491126
94,23,0.6699266503667481,0.27383863080684595,0.6167883211678832,0.16423357664233576,0.21897810218978103,1.0,15.408312958435207,6.298288508557457,5.298288508557457,9.50366748166259,2.530562347188264,3.374083129584352
95,786,0.5966598735165575,0.37164549488026466,0.6038085261844987,0.12789917786867872,0.2682922959468226,43.0,468.97466058401415,292.11335897588805,249.11335897588805,283.1708986251091,59.98147352993806,125.822288428967
96,21,0.7462406015037594,0.25375939849624063,0.5591939546599496,0.12342569269521411,0.31738035264483627,,15.671052631578947,5.328947368421053,,8.76315789473684,1.9342105263157894,4.973684210526316
97,523,0.7462406015037594,0.25375939849624063,0.5591939546599496,0.12342569269521411,0.31738035264483627,31.0,390.2838345864661,132.71616541353384,101.71616541353384,218.2443609022556,48.171052631578945,123.86842105263158
98,0,0.0,0.0,0.0,0.0,0.0,,0.0,0.0,,0.0,0.0,0.0
99,4,0.5039713429049184,0.4960286570950816,0.5131484354307768,0.26478489538007494,0.2220666691891483,,2.0158853716196736,1.9841146283803264,,1.0344484244544256,0.5337759972225388,0.44766094994270933
100,509,0.5633630192550352,0.41619803578841247,0.5281854411970514,0.2824075195023278,0.1894070393006208,34.0,286.75177680081293,211.84480021630193,177.84480021630193,151.45811374357578,80.98085799920271,54.31280505803442
101,0,0.0,0.0,0.0,0.0,0.0,,0.0,0.0,,0.0,0.0,0.0
102,103,0.5059101654846335,0.4940898345153664,0.4392523364485981,0.4485981308411215,0.11214953271028037,7.0,52.10874704491725,50.89125295508274,43.89125295508274,22.888888888888886,23.375886524822693,5.843971631205673
103,31,0.13063063063063063,0.8693693693693694,0.0,1.0,0.0,2.0,4.04954954954955,26.95045045045045,24.95045045045045,0.0,4.04954954954955,0.0
104,0,0.0,0.0,0.0,0.0,0.0,,0.0,0.0,,0.0,0.0,0.0
105,0,0.0,0.0,0.0,0.0,0.0,,0.0,0.0,,0.0,0.0,0.0
106,0,0.0,0.0,0.0,0.0,0.0,,0.0,0.0,,0.0,0.0,0.0
107,44,0.04160559752965974,0.9202799551610165,0.0,0.5971074380165289,0.40289256198347106,,1.8306462913050285,40.49231802708472,,0.0,1.0930925169156058,0.7375537743894226
108,164,0.10184642668241177,0.8858301403851802,0.0,0.8697339246119733,0.1302660753880266,5.0,16.70281397591553,145.27614302316954,140.27614302316954,0.0,14.527003951336733,2.1758100245787966
109,27,0.13063063063063063,0.8693693693693694,0.0,1.0,0.0,,3.527027027027027,23.472972972972972,,0.0,3.527027027027027,0.0
110,17,0.13063063063063063,0.8693693693693694,0.0,1.0,0.0,,2.2207207207207205,14.77927927927928,,0.0,2.2207207207207205,0.0
111,39,0.09457578487770621,0.8899879892560588,0.0,0.8368298368298368,0.16317016317016317,1.0,3.6884556102305424,34.709531580986294,33.709531580986294,0.0,3.0866097064633204,0.6018459037672212
112,0,0.0,0.0,0.0,0.0,0.0,,0.0,0.0,,0.0,0.0,0.0
113,0,0.0,0.0,0.0,0.0,0.0,,0.0,0.0,,0.0,0.0,0.0
114,136,0.03019213174748399,0.9268069533394327,0.0,0.5454545454545454,0.45454545454545453,,4.106129917657823,126.04574565416286,,0.0,2.2397072278133576,1.8664226898444647
115,42,0.03019213174748399,0.9268069533394327,0.0,0.5454545454545454,0.45454545454545453,1.0,1.2680695333943275,38.92589204025617,37.92589204025617,0.0,0.6916742909423604,0.576395242451967
116,0,0.0,0.0,0.0,0.0,0.0,,0.0,0.0,,0.0,0.0,0.0
117,22,0.03019213174748399,0.9268069533394327,0.0,0.5454545454545454,0.45454545454545453,,0.6642268984446478,20.38975297346752,,0.0,0.36230558096980786,0.30192131747483986
118,1,0.03019213174748399,0.9268069533394327,0.0,0.5454545454545454,0.45454545454545453,,0.03019213174748399,0.9268069533394327,,0.0,0.01646843549862763,0.013723696248856358
119,0,0.0,0.0,0.0,0.0,0.0,,0.0,0.0,,0.0,0.0,0.0
120,15,0.03019213174748399,0.9268069533394327,0.0,0.5454545454545454,0.45454545454545453,,0.45288197621225984,13.90210430009149,,0.0,0.24702653247941445,0.20585544373284537
121,14,0.03019213174748399,0.9268069533394327,0.0,0.5454545454545454,0.45454545454545453,,0.42268984446477587,12.975297346752058,,0.0,0.2305580969807868,0.192131747483989
122,299,0.03019213174748399,0.9268069533394327,0.0,0.5454545454545454,0.45454545454545453,13.0,9.027447392497713,277.1152790484904,264.1152790484904,0.0,4.924062214089661,4.103385178408051
123,0,0.0,0.0,0.0,0.0,0.0,,0.0,0.0,,0.0,0.0,0.0
124,277,0.03019213174748399,0.9268069533394327,0.0,0.5454545454545454,0.45454545454545453,20.0,8.363220494053065,256.72552607502286,236.72552607502286,0.0,4.561756633119853,3.801463860933211
125,64,0.03019213174748399,0.9268069533394327,0.0,0.5454545454545454,0.45454545454545453,9.0,1.9322964318389753,59.315645013723696,50.315645013723696,0.0,1.0539798719121682,0.8783165599268069
126,0,0.0,0.0,0.0,0.0,0.0,,0.0,0.0,,0.0,0.0,0.0
127,0,0.0,0.0,0.0,0.0,0.0,,0.0,0.0,,0.0,0.0,0.0
128,3,0.2845786963434022,0.6931637519872814,0.40502793296089384,0.11452513966480447,0.48044692737430167,,0.8537360890302066,2.079491255961844,,0.3457869634340222,0.09777424483306836,0.41017488076311603
129,125,0.2845786963434022,0.6931637519872814,0.40502793296089384,0.11452513966480447,0.48044692737430167,4.0,35.57233704292528,86.64546899841018,82.64546899841018,14.40779014308426,4.073926868044515,17.0906200317965
130,958,0.2845786963434022,0.6931637519872814,0.40502793296089384,0.11452513966480447,0.48044692737430167,70.0,272.6263910969793,664.0508744038156,594.0508744038156,110.42130365659776,31.222575516693166,130.98251192368838
131,92,0.2799616111689317,0.6985066268900992,0.40812484819042993,0.11685249715065114,0.4750226546589189,9.0,25.756468227541717,64.26260967388913,55.26260967388913,10.511854685287096,3.0097076301696553,12.234905912084967
132,201,0.13063063063063063,0.8693693693693694,0.0,1.0,0.0,,26.256756756756758,174.74324324324326,,0.0,26.256756756756758,0.0
133,59,0.14298808432630614,0.8570119156736938,0.5,0.1858974358974359,0.3141025641025641,4.0,8.436296975252063,50.56370302474794,46.56370302474794,4.218148487626031,1.5682859761686527,2.6498625114573784
134,551,0.14298808432630614,0.8570119156736938,0.5,0.1858974358974359,0.3141025641025641,85.0,78.78643446379468,472.2135655362053,387.2135655362053,39.39321723189734,14.646196150320806,24.747021081576534
135,46,0.14298808432630614,0.8570119156736938,0.5,0.1858974358974359,0.3141025641025641,,6.577451879010082,39.422548120989916,,3.288725939505041,1.222731439046746,2.065994500458295
136,186,0.14298808432630614,0.8570119156736938,0.5,0.1858974358974359,0.3141025641025641,36.0,26.59578368469294,159.40421631530705,123.40421631530705,13.29789184234647,4.944087992667278,8.353803849679192
137,112,0.14298808432630614,0.8570119156736938,0.5,0.1858974358974359,0.3141025641025641,17.0,16.01466544454629,95.9853345554537,78.9853345554537,8.007332722273144,2.9770852428964254,5.030247479376719
138,0,0.0,0.0,0.0,0.0,0.0,,0.0,0.0,,0.0,0.0,0.0
139,98,0.15608333941349745,0.8407732231167278,0.555922368947579,0.16123757195185767,0.28284005910056326,10.0,15.296167262522749,82.39577586543932,72.39577586543932,8.50348154040005,2.4663168695786615,4.326368852544036
140,5,0.14298808432630614,0.8570119156736938,0.5,0.1858974358974359,0.3141025641025641,,0.7149404216315307,4.285059578368469,,0.35747021081576535,0.13290559120073328,0.22456461961503207
141,333,0.24170616113744076,0.7345971563981043,0.9215686274509803,0.0,0.0784313725490196,49.0,80.48815165876778,244.62085308056874,195.62085308056874,74.17535545023696,0.0,6.312796208530806
142,87,0.2408605913878191,0.735715101808237,0.9208569090067968,0.001008267795926598,0.07813482319727649,12.0,20.95487145074026,64.00721385731661,52.007213857316614,19.29643815276345,0.021128122051563076,1.6373051759252473
143,116,0.16877577023257026,0.8310199480220465,0.8601829116401551,0.08696309739866909,0.05285399096117576,17.0,19.57798934697815,96.3983139705574,79.3983139705574,16.840651880543604,1.7025625944513667,1.0347748719831784
144,193,0.168141592920354,0.831858407079646,0.8596491228070176,0.08771929824561403,0.05263157894736842,33.0,32.45132743362832,160.54867256637166,127.54867256637166,27.896755162241888,2.8466076696165192,1.7079646017699115
145,0,0.0,0.0,0.0,0.0,0.0,,0.0,0.0,,0.0,0.0,0.0
146,0,0.0,0.0,0.0,0.0,0.0,,0.0,0.0,,0.0,0.0,0.0
147,95,0.168141592920354,0.831858407079646,0.8596491228070176,0.08771929824561403,0.05263157894736842,9.0,15.97345132743363,79.02654867256636,70.02654867256636,13.73156342182891,1.4011799410029497,0.84070796460177
148,356,0.281,0.696,0.6868327402135231,0.18861209964412812,0.12455516014234876,72.0,100.03600000000002,247.77599999999998,175.77599999999998,68.708,18.868000000000002,12.460000000000003
149,609,0.2804440472557653,0.6966692532368455,0.6876840524430476,0.18811509077024383,0.12420085678670846,120.0,170.7904247787611,424.2715752212389,304.2715752212389,117.44985143032791,32.12825625994514,21.21231708848801
150,0,0.0,0.0,0.0,0.0,0.0,,0.0,0.0,,0.0,0.0,0.0
151,307,0.2816810323227262,0.6814670150696209,0.6383602502886774,0.11099122519965776,0.25064852451166486,61.0,86.47607692307693,209.21037362637364,148.21037362637364,55.20289010859831,9.59808572815216,21.675101086326467
152,49,0.332,0.628,0.5582329317269076,0.05220883534136546,0.3895582329317269,59.0,16.268,30.772,-28.228,9.081333333333333,0.8493333333333333,6.337333333333334
153,211,0.30389257503949446,0.6578406680207628,0.602904349086177,0.08490355543804914,0.31219209547577387,32.0,64.12133333333333,138.80438095238094,106.80438095238094,38.65903073587111,5.444129179428295,20.01817341803392
154,273,0.21794871794871795,0.7490842490842491,0.7394957983193278,0.18487394957983194,0.07563025210084033,72.0,59.5,204.5,132.5,44.00000000000001,11.000000000000002,4.5
155,32,0.2215128205128205,0.7453003663003663,0.7338313337383147,0.18072816475987985,0.08544050150180553,17.0,7.088410256410256,23.849611721611723,6.849611721611723,5.2016975525458875,1.281075376706135,0.6056373271582343
156,5,0.21794871794871795,0.7490842490842491,0.7394957983193278,0.18487394957983194,0.07563025210084033,2.0,1.0897435897435899,3.7454212454212454,1.7454212454212454,0.8058608058608059,0.20146520146520147,0.08241758241758242
157,24,0.3177435897435898,0.6431355311355311,0.5808907900509601,0.06879197462117377,0.3503172353278661,1.0,7.625846153846155,15.435252747252747,14.435252747252747,4.429783797114768,0.5245970150803604,2.6714653416510266
158,1,0.332,0.628,0.5582329317269076,0.05220883534136546,0.3895582329317269,,0.332,0.628,,0.18533333333333332,0.017333333333333333,0.12933333333333336
159,1,0.332,0.628,0.5582329317269076,0.05220883534136546,0.3895582329317269,,0.332,0.628,,0.18533333333333332,0.017333333333333333,0.12933333333333336
160,234,0.32976317364028757,0.6357069118297979,0.5524722911382953,0.061792798613733754,0.3857349102479709,35.0,77.16458263182729,148.75541736817271,113.75541736817271,42.63129376133593,4.768215514681321,29.765073355810035
161,7,0.332,0.628,0.5582329317269076,0.05220883534136546,0.3895582329317269,,2.3240000000000003,4.396,,1.2973333333333332,0.12133333333333333,0.9053333333333334
162,12,0.3034871794871795,0.6582710622710622,0.6035486483750127,0.08537511390098208,0.3110762377240053,1.0,3.641846153846154,7.899252747252747,6.899252747252747,2.1980313237435847,0.31092303019446893,1.1328917999081005
164,60,0.3409490333919156,0.6590509666080844,0.5876288659793815,0.06701030927835051,0.34536082474226804,18.0,20.45694200351494,39.54305799648506,21.54305799648506,12.021089630931458,1.3708260105448153,7.065026362038664
165,0,0.0,0.0,0.0,0.0,0.0,,0.0,0.0,,0.0,0.0,0.0
166,690,0.3036669702943062,0.6937638597452195,0.5249130784884853,0.13122214168609173,0.34386477982542296,159.0,209.5302095030713,478.69706322420143,319.69706322420143,109.98514730659444,27.495002838928507,72.05005935754835
167,667,0.20404040404040405,0.7686868686868686,0.6534653465346535,0.18316831683168316,0.16336633663366337,135.0,136.0949494949495,512.7141414141414,377.7141414141414,88.93333333333334,24.92828282828283,22.233333333333334
168,170,0.2183142267390943,0.7544595945515933,0.649086446459772,0.18371897273760987,0.16719458080261806,46.0,37.113418545646034,128.25813107377087,82.25813107377087,24.08981695976758,6.818439129987048,6.2051624558914
169,25,0.25743522599443086,0.7404162747954586,0.3558095238095238,0.2575282392026578,0.38666223698781843,2.0,6.4358806498607715,18.510406869886463,16.510406869886463,2.28994762932189,1.6574210114771017,2.4885120090617803
170,41,0.2509727626459144,0.7490272373540856,0.3333333333333333,0.26356589147286824,0.40310077519379844,6.0,10.289883268482491,30.71011673151751,24.71011673151751,3.4299610894941632,2.7120622568093387,4.147859922178989
171,199,0.2509727626459144,0.7490272373540856,0.3333333333333333,0.26356589147286824,0.40310077519379844,28.0,49.94357976653696,149.05642023346303,121.05642023346303,16.647859922178988,13.16342412451362,20.132295719844358
172,0,0.0,0.0,0.0,0.0,0.0,,0.0,0.0,,0.0,0.0,0.0
173,109,0.2509727626459144,0.7490272373540856,0.3333333333333333,0.26356589147286824,0.40310077519379844,23.0,27.35603112840467,81.64396887159533,58.643968871595334,9.118677042801554,7.21011673151751,11.027237354085603
174,966,0.33175355450236965,0.641390205371248,0.6142857142857143,0.1880952380952381,0.1976190476190476,176.0,320.4739336492891,619.5829383886256,443.5829383886256,196.86255924170618,60.27962085308056,63.33175355450237
175,23,0.2327511341696708,0.7548690578928077,0.7325765688584278,0.14229313914471334,0.1251302919968587,6.0,5.353276085902428,17.361988331534576,11.361988331534576,3.9216846271622754,0.7617344589713807,0.6698569997687718
176,90,0.28356190016052685,0.6966285886092558,0.6718664477285167,0.16580003648969166,0.16233351578179162,19.0,25.520571014447416,62.696572974833025,43.696572974833025,17.146415391480133,4.231311605433149,4.1428440175341334
177,35,0.22332233223322331,0.7656765676567657,0.7438423645320197,0.13793103448275862,0.11822660098522167,13.0,7.816281628162816,26.7986798679868,13.798679867986799,5.814081408140814,1.078107810781078,0.924092409240924
178,555,0.22332233223322331,0.7656765676567657,0.7438423645320197,0.13793103448275862,0.11822660098522167,138.0,123.94389438943894,424.950495049505,286.950495049505,92.1947194719472,17.095709570957094,14.65346534653465
179,193,0.2474805838268673,0.737985823727868,0.714977411368335,0.1491075150803577,0.13591507355130725,69.0,47.76375267858539,142.43126397947853,73.43126397947853,34.150004247372365,7.121934472816646,6.491813958396382
180,121,0.28761651131824234,0.7003994673768309,0.5185185185185185,0.2222222222222222,0.25925925925925924,24.0,34.801597869507326,84.74833555259654,60.748335552596544,18.045272969374167,7.733688415446071,9.022636484687084
181,528,0.2948045184716336,0.6863526493149446,0.42993898900622385,0.2630148549892868,0.30704615600448937,113.0,155.65678575302252,362.3941988382907,249.39419883829072,66.9229210986129,40.940046932929704,47.79381772147993
182,243,0.3050259965337955,0.6663778162911612,0.3039772727272727,0.3210227272727273,0.375,65.0,74.1213171577123,161.92980935875218,96.92980935875218,22.531195840554588,23.794627383015598,27.79549393414211
183,200,0.3050259965337955,0.6663778162911612,0.3039772727272727,0.3210227272727273,0.375,33.0,61.005199306759096,133.27556325823224,100.27556325823224,18.544194107452338,19.584055459272097,22.87694974003466
184,94,0.2944691810307473,0.687007966417578,0.4340714324091984,0.26111178272082525,0.3048167848699764,34.0,27.680103016890246,64.57874884325233,30.578748843252328,12.015141965775724,7.227601044636306,8.437360006478219
185,0,0.0,0.0,0.0,0.0,0.0,,0.0,0.0,,0.0,0.0,0.0
186,224,0.28761651131824234,0.7003994673768309,0.5185185185185185,0.2222222222222222,0.25925925925925924,49.0,64.42609853528629,156.88948069241013,107.88948069241013,33.40612516644474,14.316910785619173,16.70306258322237
187,0,0.0,0.0,0.0,0.0,0.0,,0.0,0.0,,0.0,0.0,0.0
188,439,0.31372654645222253,0.6576801741015444,0.30319668512172915,0.31869268609071766,0.3781106287875532,122.0,137.7259538925257,288.721596430578,166.72159643057802,41.758052675441895,43.89225419041534,52.07564702666845
189,104,0.5374421388623594,0.4611830444465328,0.014614291958041958,0.015433784965034968,0.969951923076923,18.0,55.893982441685374,47.96303662243941,29.96303662243941,0.8168509781004609,0.8626557058444122,54.2144757577405
190,1246,0.5772571286235314,0.3885565448310424,0.1804697176550094,0.1860220001502385,0.6335082821947522,131.0,719.2623822649201,484.1414548594788,353.1414548594788,129.80507904721958,133.79862698174588,455.6586762359547
191,189,0.5596620908130939,0.4118268215417107,0.2811320754716981,0.2528301886792453,0.4660377358490566,68.0,105.77613516367475,77.83526927138332,9.835269271383325,29.737064413938754,26.74340021119324,49.295670538542765
192,183,0.5596620908130939,0.4118268215417107,0.2811320754716981,0.2528301886792453,0.4660377358490566,39.0,102.41816261879619,75.36430834213306,36.36430834213306,28.793030623020062,25.89440337909187,47.73072861668426
200,0,0.0,0.0,0.0,0.0,0.0,,0.0,0.0,,0.0,0.0,0.0
201,0,0.0,0.0,0.0,0.0,0.0,,0.0,0.0,,0.0,0.0,0.0
202,0,0.0,0.0,0.0,0.0,0.0,,0.0,0.0,,0.0,0.0,0.0
203,5,0.7381974248927039,0.17167381974248927,0.3875968992248062,0.11434108527131782,0.49806201550387597,,3.6909871244635193,0.8583690987124464,,1.430615164520744,0.4220314735336195,1.838340486409156
204,0,0.0,0.0,0.0,0.0,0.0,,0.0,0.0,,0.0,0.0,0.0
205,0,0.0,0.0,0.0,0.0,0.0,,0.0,0.0,,0.0,0.0,0.0
206,242,0.9040178571428571,0.0,0.05925925925925926,0.20246913580246914,0.7382716049382716,10.0,218.77232142857142,0.0,-10.0,12.964285714285715,44.294642857142854,161.51339285714283
207,0,0.0,0.0,0.0,0.0,0.0,,0.0,0.0,,0.0,0.0,0.0
208,29,0.7381974248927039,0.17167381974248927,0.3875968992248062,0.11434108527131782,0.49806201550387597,2.0,21.407725321888414,4.978540772532189,2.978540772532189,8.297567954220316,2.447782546494993,10.662374821173104
209,99,0.4317434210526316,0.4342105263157895,0.5066666666666667,0.2704761904761905,0.22285714285714286,49.0,42.74259868421053,42.98684210526316,-6.0131578947368425,21.65625,11.560855263157896,9.525493421052632
210,63,0.4317434210526316,0.4342105263157895,0.5066666666666667,0.2704761904761905,0.22285714285714286,102.0,27.19983552631579,27.355263157894736,-74.64473684210526,13.78125,7.356907894736842,6.061677631578948
211,297,0.45031639098233295,0.41829921076589255,0.4994503171247358,0.2610134568274103,0.23953622604785396,59.0,133.74396812175289,124.23486559747009,65.23486559747009,66.79846729193004,34.90897544927368,32.03652538054917
212,177,0.7381974248927039,0.17167381974248927,0.3875968992248062,0.11434108527131782,0.49806201550387597,14.0,130.6609442060086,30.386266094420602,16.386266094420602,50.64377682403434,14.93991416309013,65.07725321888412
213,521,0.7381974248927039,0.17167381974248927,0.3875968992248062,0.11434108527131782,0.49806201550387597,36.0,384.6008583690987,89.44206008583691,53.442060085836914,149.07010014306152,43.975679542203146,191.55507868383407
214,4,0.7381974248927039,0.17167381974248927,0.3875968992248062,0.11434108527131782,0.49806201550387597,,2.9527896995708156,0.6866952789699571,,1.1444921316165952,0.3376251788268956,1.4706723891273248
215,72,0.5424073668837688,0.3394056044976533,0.46366925064599485,0.2140940691522087,0.3222366802017965,10.0,39.05333041563135,24.437203523831037,14.437203523831037,18.107828449046227,8.361086422628233,12.584415543956894
216,247,0.4317434210526316,0.4342105263157895,0.5066666666666667,0.2704761904761905,0.22285714285714286,33.0,106.640625,107.25,74.25,54.03125000000001,28.843749999999996,23.765625000000004
217,256,0.9040178571428571,0.0,0.05925925925925926,0.20246913580246914,0.7382716049382716,9.0,231.42857142857142,0.0,-9.0,13.714285714285714,46.857142857142854,170.85714285714283
218,1,0.4741721854304636,0.4649006622516556,0.6787709497206704,0.11731843575418995,0.20391061452513967,,0.4741721854304636,0.4649006622516556,,0.3218543046357616,0.05562913907284768,0.09668874172185431
219,193,0.4741721854304636,0.4649006622516556,0.6787709497206704,0.11731843575418995,0.20391061452513967,11.0,91.51523178807948,89.72582781456953,78.72582781456953,62.11788079470198,10.736423841059603,18.660927152317882
220,137,0.5127811313431119,0.42931064234351224,0.6022891333109723,0.17828750596054807,0.21942336072847973,24.0,70.25101499400633,58.81555800106118,34.81555800106118,42.31142293495619,12.524878254478455,15.414713804571688
221,332,0.4741721854304636,0.4649006622516556,0.6787709497206704,0.11731843575418995,0.20391061452513967,60.0,157.42516556291392,154.34701986754965,94.34701986754965,106.85562913907286,18.46887417218543,32.10066225165563
222,47,0.4741721854304636,0.4649006622516556,0.6787709497206704,0.11731843575418995,0.20391061452513967,1.0,22.28609271523179,21.850331125827815,20.850331125827815,15.127152317880794,2.6145695364238413,4.5443708609271525
223,282,0.4751447617144202,0.46400413403805146,0.676844339215367,0.11885427337772285,0.2043013874069102,21.0,133.9908228034665,130.84916579873052,109.84916579873052,90.69092992133562,15.925381883589228,27.374510998541666
224,187,0.5133531157270029,0.4287833827893175,0.6011560693641619,0.1791907514450867,0.21965317919075145,24.0,95.99703264094954,80.18249258160238,56.182492581602375,57.70919881305638,17.201780415430264,21.086053412462906
225,279,0.5133531157270029,0.4287833827893175,0.6011560693641619,0.1791907514450867,0.21965317919075145,38.0,143.2255192878338,119.63056379821958,81.63056379821958,86.10089020771514,25.664688427299698,31.45994065281899
226,0,0.0,0.0,0.0,0.0,0.0,,0.0,0.0,,0.0,0.0,0.0
227,0,0.0,0.0,0.0,0.0,0.0,,0.0,0.0,,0.0,0.0,0.0
228,0,0.0,0.0,0.0,0.0,0.0,,0.0,0.0,,0.0,0.0,0.0
229,338,0.526579739217653,0.41624874623871616,0.4723809523809524,0.26095238095238094,0.26666666666666666,24.0,177.98395185556672,140.69207622868606,116.69207622868606,84.07622868605819,46.44533600802407,47.46238716148445
230,94,0.526579739217653,0.41624874623871616,0.4723809523809524,0.26095238095238094,0.26666666666666666,3.0,49.49849548645938,39.12738214643932,36.12738214643932,23.382146439317957,12.916750250752257,13.199598796389168
231,141,0.526579739217653,0.41624874623871616,0.4723809523809524,0.26095238095238094,0.26666666666666666,14.0,74.24774322968908,58.69107321965898,44.69107321965898,35.07321965897693,19.375125376128388,19.799398194583752
232,23,0.526579739217653,0.41624874623871616,0.4723809523809524,0.26095238095238094,0.26666666666666666,4.0,12.11133400200602,9.573721163490472,5.573721163490472,5.721163490471415,3.1604814443329987,3.2296890672016048
233,13,0.526579739217653,0.41624874623871616,0.4723809523809524,0.26095238095238094,0.26666666666666666,2.0,6.845536609829489,5.41123370110331,3.41123370110331,3.2337011033099303,1.786359077231695,1.8254764292878638
234,2,0.526579739217653,0.41624874623871616,0.4723809523809524,0.26095238095238094,0.26666666666666666,,1.053159478435306,0.8324974924774323,,0.49749247743229696,0.2748244734202608,0.28084252758274825
235,22,0.526579739217653,0.41624874623871616,0.4723809523809524,0.26095238095238094,0.26666666666666666,1.0,11.584754262788366,9.157472417251755,8.157472417251755,5.472417251755266,3.0230692076228687,3.0892678034102308
236,2,0.526579739217653,0.41624874623871616,0.4723809523809524,0.26095238095238094,0.26666666666666666,,1.053159478435306,0.8324974924774323,,0.49749247743229696,0.2748244734202608,0.28084252758274825
237,54,0.526579739217653,0.41624874623871616,0.4723809523809524,0.26095238095238094,0.26666666666666666,,28.43530591775326,22.477432296890672,,13.432296890672017,7.420260782347041,7.582748244734203
238,0,0.0,0.0,0.0,0.0,0.0,,0.0,0.0,,0.0,0.0,0.0
240,237,0.526579739217653,0.41624874623871616,0.4723809523809524,0.26095238095238094,0.26666666666666666,12.0,124.79939819458376,98.65095285857574,86.65095285857574,58.952858575727184,32.5667001003009,33.27983951855567
241,1,0.526579739217653,0.41624874623871616,0.4723809523809524,0.26095238095238094,0.26666666666666666,,0.526579739217653,0.41624874623871616,,0.24874623871614848,0.1374122367101304,0.14042126379137412
242,64,0.526579739217653,0.41624874623871616,0.4723809523809524,0.26095238095238094,0.26666666666666666,4.0,33.70110330992979,26.639919759277834,22.639919759277834,15.919759277833503,8.794383149448345,8.986960882647944
243,2,0.526579739217653,0.41624874623871616,0.4723809523809524,0.26095238095238094,0.26666666666666666,,1.053159478435306,0.8324974924774323,,0.49749247743229696,0.2748244734202608,0.28084252758274825
244,0,0.0,0.0,0.0,0.0,0.0,,0.0,0.0,,0.0,0.0,0.0
245,1,0.0,0.0,0.0,0.0,0.0,,0.0,0.0,,0.0,0.0,0.0
246,0,0.0,0.0,0.0,0.0,0.0,,0.0,0.0,,0.0,0.0,0.0
247,0,0.0,0.0,0.0,0.0,0.0,,0.0,0.0,,0.0,0.0,0.0
248,0,0.0,0.0,0.0,0.0,0.0,,0.0,0.0,,0.0,0.0,0.0
249,0,0.0,0.0,0.0,0.0,0.0,,0.0,0.0,,0.0,0.0,0.0
250,0,0.0,0.0,0.0,0.0,0.0,,0.0,0.0,,0.0,0.0,0.0
251,0,0.0,0.0,0.0,0.0,0.0,,0.0,0.0,,0.0,0.0,0.0
252,0,0.0,0.0,0.0,0.0,0.0,,0.0,0.0,,0.0,0.0,0.0
253,0,0.0,0.0,0.0,0.0,0.0,,0.0,0.0,,0.0,0.0,0.0
254,0,0.0,0.0,0.0,0.0,0.0,,0.0,0.0,,0.0,0.0,0.0
258,1,0.4951830443159923,0.441233140655106,0.8910505836575876,0.019455252918287938,0.08949416342412451,,0.4951830443159923,0.441233140655106,,0.441233140655106,0.009633911368015415,0.04431599229287091
259,5,0.4961692253506537,0.4165620403174011,0.816477264745958,0.07898130329123883,0.10454143196280326,,2.4808461267532684,2.0828102015870056,,2.025554459827113,0.19594046035599502,0.2593512065701608
260,126,0.4951830443159923,0.441233140655106,0.8910505836575876,0.019455252918287938,0.08949416342412451,7.0,62.39306358381503,55.59537572254335,48.59537572254335,55.59537572254336,1.2138728323699424,5.583815028901735
261,388,0.4951830443159923,0.441233140655106,0.8910505836575876,0.019455252918287938,0.08949416342412451,17.0,192.131021194605,171.19845857418113,154.19845857418113,171.19845857418113,3.7379576107899806,17.19460500963391
262,158,0.2996688741721854,0.5231788079470199,0.34806629834254144,0.3756906077348066,0.27624309392265195,16.0,47.347682119205295,82.66225165562913,66.66225165562913,16.480132450331123,17.78807947019867,13.079470198675496
263,0,0.0,0.0,0.0,0.0,0.0,,0.0,0.0,,0.0,0.0,0.0
264,218,0.3012241450630545,0.5236874207111629,0.3543123024142236,0.3725126555165167,0.2731750420692597,59.0,65.66686362374588,114.16385771503352,55.163857715033515,23.26657764285023,24.461737747922534,17.93854823297312
265,14,0.2996688741721854,0.5231788079470199,0.34806629834254144,0.3756906077348066,0.27624309392265195,2.0,4.195364238410596,7.324503311258278,5.324503311258278,1.4602649006622515,1.5761589403973508,1.1589403973509933
266,1,0.496415770609319,0.4103942652329749,0.7978339350180506,0.09386281588447654,0.10830324909747292,,0.496415770609319,0.4103942652329749,,0.3960573476702509,0.04659498207885305,0.053763440860215055
267,562,0.496415770609319,0.4103942652329749,0.7978339350180506,0.09386281588447654,0.10830324909747292,87.0,278.98566308243727,230.6415770609319,143.6415770609319,222.58422939068103,26.186379928315414,30.21505376344086
268,5,0.49254442257779296,0.4048572487949573,0.7904169822642363,0.14460106827727992,0.06498194945848375,,2.4627221128889647,2.0242862439747866,,1.9465773806250994,0.35611224839382427,0.16003248387004101
269,445,0.48673740053050396,0.39655172413793105,0.779291553133515,0.22070844686648503,0.0,55.0,216.59814323607426,176.46551724137933,121.46551724137933,168.79310344827584,47.80503978779841,0.0
270,418,0.5157660089213458,0.38630494890315353,0.7385785545047198,0.23221947658942746,0.02920196890585275,17.0,215.59019172912255,161.47546864151818,144.47546864151818,159.23029217269072,50.06424148115115,6.295658075280669
271,52,0.5201342281879194,0.4412751677852349,0.6806451612903226,0.26129032258064516,0.05806451612903226,1.0,27.04697986577181,22.946308724832214,21.946308724832214,18.40939597315436,7.067114093959732,1.570469798657718
272,168,0.5201342281879194,0.4412751677852349,0.6806451612903226,0.26129032258064516,0.05806451612903226,13.0,87.38255033557047,74.13422818791946,61.13422818791946,59.47651006711409,22.83221476510067,5.073825503355705
273,468,0.5201342281879194,0.4412751677852349,0.6806451612903226,0.26129032258064516,0.05806451612903226,28.0,243.4228187919463,206.51677852348993,178.51677852348993,165.68456375838926,63.60402684563758,14.134228187919463
274,594,0.6642260121932296,0.2630356591125098,0.5892826861309598,0.2566483423309524,0.1540689715380878,34.0,394.5502512427784,156.24318151283083,122.24318151283083,232.50163186598954,101.26066794771987,60.78795142906902
275,60,0.3844311377245509,0.5508982035928144,0.6884735202492211,0.20249221183800623,0.10903426791277258,,23.065868263473053,33.053892215568865,,15.880239520958082,4.6706586826347305,2.51497005988024
276,634,0.3844311377245509,0.5508982035928144,0.6884735202492211,0.20249221183800623,0.10903426791277258,82.0,243.72934131736528,349.2694610778443,267.2694610778443,167.80119760479042,49.35329341317365,26.5748502994012
277,150,0.5223347312343953,0.40340448023813,0.5826015120713619,0.20950352346393394,0.20789496446470407,9.0,78.3502096851593,60.5106720357195,51.5106720357195,45.646950633682074,16.414644993178918,16.288614058298304
278,287,0.7545087925134325,0.15508450616885908,0.4043557282683005,0.22130774591857474,0.37433652581312477,14.0,216.54402345135512,44.50925327046256,30.50925327046256,87.56081630482065,47.92286972215839,81.06033742437609
279,131,0.7245339520177668,0.18714386531349886,0.42736815656923965,0.21978376135585492,0.3528480820749054,5.0,94.91394771432745,24.51584635606835,19.51584635606835,40.563198867381324,20.860544433787837,33.490204413158295
280,2,0.7822299651567944,0.1254355400696864,0.3830734966592428,0.22271714922049,0.39420935412026725,,1.5644599303135889,0.2508710801393728,,0.5993031358885018,0.34843205574912894,0.6167247386759582
281,146,0.5098919272509927,0.4088428074558954,0.4480675458089389,0.22879135942139617,0.3231410947696649,27.0,74.44422137864494,59.69104988856073,32.69104988856073,33.35603957278678,17.032194610287537,24.05598719557062
282,261,0.4740024183796856,0.44619105199516323,0.45663265306122447,0.22959183673469388,0.3137755102040816,14.0,123.71463119709794,116.4558645707376,102.4558645707376,56.492140266021764,28.403869407496977,38.818621523579196
283,306,0.4740024183796856,0.44619105199516323,0.45663265306122447,0.22959183673469388,0.3137755102040816,12.0,145.0447400241838,136.53446191051995,124.53446191051995,66.23216444981863,33.30108827085852,45.51148730350665
284,0,0.0,0.0,0.0,0.0,0.0,,0.0,0.0,,0.0,0.0,0.0
285,0,0.0,0.0,0.0,0.0,0.0,,0.0,0.0,,0.0,0.0,0.0
286,183,0.6038882138517618,0.3134872417982989,0.8672032193158954,0.060362173038229376,0.07243460764587525,10.0,110.51154313487241,57.3681652490887,47.3681652490887,95.83596597812878,6.670716889428919,8.004860267314703
287,504,0.605472616974563,0.3131975043131004,0.8658171608570632,0.06039635350896174,0.07378648563397507,39.0,305.1581989551797,157.85154217380259,118.85154217380259,264.21120543162857,18.430442460255115,22.516551063296077
288,14,0.27843803056027167,0.6162988115449916,0.7378048780487805,0.0,0.2621951219512195,,3.8981324278438034,8.628183361629882,,2.8760611205432935,0.0,1.0220713073005094
289,98,0.41209711524914505,0.48606978033725756,0.6436924707413522,0.05908822326257898,0.29721930599606894,8.0,40.38551729441622,47.63483847305124,39.63483847305124,25.99585340941038,2.38630846246721,12.003355422538627
290,8,0.4740024183796856,0.44619105199516323,0.45663265306122447,0.22959183673469388,0.3137755102040816,1.0,3.7920193470374848,3.569528415961306,2.569528415961306,1.7315598548972186,0.8706166868198307,1.1898428053204353
291,686,0.6273416775789472,0.33118728011914655,0.8092592320254729,0.05604721129871573,0.13469355667581123,52.0,430.3563908191578,227.19447416173455,175.19447416173455,348.26988233156595,24.120275569994025,57.96623291759779
292,10,0.396036564895015,0.5218046483074827,0.7591600438476295,0.018539325842696627,0.2223006303096739,,3.96036564895015,5.218046483074827,,3.0065513597096416,0.07342250922210951,0.880391780018399
293,137,0.27843803056027167,0.6162988115449916,0.7378048780487805,0.0,0.2621951219512195,8.0,38.146010186757216,84.43293718166385,76.43293718166385,28.144312393887947,0.0,10.00169779286927
294,183,0.27843803056027167,0.6162988115449916,0.7378048780487805,0.0,0.2621951219512195,22.0,50.95415959252971,112.78268251273346,90.78268251273346,37.594227504244486,0.0,13.35993208828523
295,15,0.27843803056027167,0.6162988115449916,0.7378048780487805,0.0,0.2621951219512195,7.0,4.176570458404075,9.244482173174873,2.244482173174873,3.0814940577249574,0.0,1.0950764006791172
296,79,0.27843803056027167,0.6162988115449916,0.7378048780487805,0.0,0.2621951219512195,2.0,21.996604414261462,48.68760611205433,46.68760611205433,16.229202037351445,0.0,5.767402376910018
297,9,0.27843803056027167,0.6162988115449916,0.7378048780487805,0.0,0.2621951219512195,1.0,2.505942275042445,5.546689303904924,4.546689303904924,1.8488964346349748,0.0,0.6570458404074704
