TAZ,block_group_id,Residential_Units,TouristAccommodation_Units,CommercialFloorArea_SqFt,Total_Res_Units,Total_TA_Units,Total_CommercialFloorArea_SqFt,Residential_Units_Proportion,TouristAccommodation_Units_Proportion,CommercialFloorArea_SqFt_Proportion
9,60170316013.0,325,1401,34890,325,1401,34890,1.0,1.0,1.0
10,60170316013.0,2,1299,216955,2,1299,216955,1.0,1.0,1.0
10,60170316021.0,0,0,0,2,1299,216955,0.0,0.0,0.0
11,60170316013.0,285,678,28828,285,678,28828,1.0,1.0,1.0
12,60170316011.0,487,54,50087,1107,259,55597,0.4399277326106594,0.2084942084942085,0.9008939331258881
12,60170316012.0,242,193,0,1107,259,55597,0.2186088527551942,0.7451737451737451,0.0
12,60170316021.0,112,0,0,1107,259,55597,0.1011743450767841,0.0,0.0
12,60170316022.0,266,12,5510,1107,259,55597,0.24028906955736223,0.04633204633204633,0.09910606687411191
13,60170316012.0,77,271,28512,452,398,225729,0.17035398230088494,0.6809045226130653,0.12631075315976237
13,60170316021.0,375,127,197217,452,398,225729,0.8296460176991151,0.31909547738693467,0.8736892468402376
14,60170316021.0,14,0,0,305,0,1689,0.04590163934426229,nan,0.0
14,60170316022.0,291,0,1689,305,0,1689,0.9540983606557377,nan,1.0
15,60170316021.0,281,160,0,281,160,0,1.0,1.0,nan
16,60170316021.0,3,0,0,3,0,0,1.0,nan,nan
17,60170305042.0,0,0,0,0,0,57387,nan,nan,0.0
17,60170316021.0,0,0,57387,0,0,57387,nan,nan,1.0
18,60170302012.0,311,250,85389,311,250,85389,1.0,1.0,1.0
19,60170302011.0,84,99,167352,101,360,198532,0.8316831683168316,0.275,0.8429472326879294
19,60170302012.0,17,261,31180,101,360,198532,0.16831683168316833,0.725,0.1570527673120706
20,60170302011.0,34,0,0,34,0,0,1.0,nan,nan
20,60170302012.0,0,0,0,34,0,0,0.0,nan,nan
20,60170303023.0,0,0,0,34,0,0,0.0,nan,nan
21,60170302011.0,398,0,0,411,0,0,0.9683698296836983,nan,nan
21,60170302012.0,13,0,0,411,0,0,0.031630170316301706,nan,nan
22,60170302012.0,0,0,0,0,0,0,nan,nan,nan
23,60170302012.0,254,0,0,543,0,506,0.4677716390423573,nan,0.0
23,60170302021.0,44,0,0,543,0,506,0.08103130755064457,nan,0.0
23,60170302023.0,245,0,506,543,0,506,0.45119705340699817,nan,1.0
24,60170302012.0,16,0,0,362,193,83855,0.04419889502762431,0.0,0.0
24,60170302013.0,346,193,83855,362,193,83855,0.9558011049723757,1.0,1.0
25,60170302022.0,226,31,0,226,31,0,1.0,1.0,nan
26,60170302021.0,197,0,0,257,0,0,0.7665369649805448,nan,nan
26,60170302023.0,60,0,0,257,0,0,0.23346303501945526,nan,nan
27,60170302011.0,0,0,0,0,0,0,nan,nan,nan
28,60170302011.0,0,0,92095,0,0,92095,nan,nan,1.0
29,60170302011.0,0,0,21815,0,0,21815,nan,nan,1.0
30,60170302012.0,0,0,0,0,0,0,nan,nan,nan
31,60170302011.0,0,0,0,0,0,0,nan,nan,nan
32,60170302011.0,0,0,0,0,0,0,nan,nan,nan
33,60170302012.0,117,0,0,117,0,0,1.0,nan,nan
34,60170302012.0,23,0,0,374,0,0,0.06149732620320856,nan,nan
34,60170302021.0,246,0,0,374,0,0,0.6577540106951871,nan,nan
34,60170302022.0,105,0,0,374,0,0,0.2807486631016043,nan,nan
35,60170302022.0,128,0,0,128,0,0,1.0,nan,nan
36,60170302022.0,0,0,0,0,0,0,nan,nan,nan
36,60170316021.0,0,0,0,0,0,0,nan,nan,nan
37,60170302012.0,0,0,0,378,32,0,0.0,0.0,nan
37,60170303022.0,142,0,0,378,32,0,0.37566137566137564,0.0,nan
37,60170303024.0,236,32,0,378,32,0,0.6243386243386243,1.0,nan
38,60170303022.0,333,0,0,685,15,73551,0.48613138686131385,0.0,0.0
38,60170303023.0,116,0,12581,685,15,73551,0.16934306569343066,0.0,0.17105137931503311
38,60170303024.0,236,15,60970,685,15,73551,0.3445255474452555,1.0,0.8289486206849669
39,60170303021.0,0,0,0,547,26,31480,0.0,0.0,0.0
39,60170303022.0,166,0,0,547,26,31480,0.30347349177330896,0.0,0.0
39,60170303023.0,381,26,31480,547,26,31480,0.696526508226691,1.0,1.0
40,60170303021.0,151,0,64260,151,0,64260,1.0,nan,1.0
40,60170304031.0,0,0,0,151,0,64260,0.0,nan,0.0
40,60170304033.0,0,0,0,151,0,64260,0.0,nan,0.0
41,60170303021.0,379,62,79386,379,62,79386,1.0,1.0,1.0
42,60170302011.0,0,0,0,961,28,46573,0.0,0.0,0.0
42,60170303011.0,455,0,0,961,28,46573,0.47346514047866806,0.0,0.0
42,60170303012.0,506,28,46573,961,28,46573,0.5265348595213319,1.0,1.0
42,60170303013.0,0,0,0,961,28,46573,0.0,0.0,0.0
42,60170305043.0,0,0,0,961,28,46573,0.0,0.0,0.0
43,60170303012.0,93,32,29208,555,32,29208,0.16756756756756758,1.0,1.0
43,60170303013.0,436,0,0,555,32,29208,0.7855855855855856,0.0,0.0
43,60170305043.0,26,0,0,555,32,29208,0.04684684684684685,0.0,0.0
44,60170304031.0,0,0,0,275,0,25780,0.0,nan,0.0
44,60170304033.0,275,0,25780,275,0,25780,1.0,nan,1.0
45,60170304032.0,690,0,0,718,0,0,0.9610027855153204,nan,nan
45,60170304033.0,28,0,0,718,0,0,0.03899721448467967,nan,nan
46,60170304032.0,9,0,0,256,31,12642,0.03515625,0.0,0.0
46,60170304042.0,247,31,12642,256,31,12642,0.96484375,1.0,1.0
47,60170304041.0,244,0,0,628,0,58630,0.3885350318471338,nan,0.0
47,60170304042.0,171,0,0,628,0,58630,0.27229299363057324,nan,0.0
47,60170304043.0,213,0,58630,628,0,58630,0.339171974522293,nan,1.0
48,60170304031.0,516,143,46922,516,143,46922,1.0,1.0,1.0
49,60170304041.0,123,38,41714,278,38,118633,0.44244604316546765,1.0,0.35162222990230374
49,60170304043.0,155,0,76919,278,38,118633,0.5575539568345323,0.0,0.6483777700976963
50,60170304024.0,0,0,0,63,38,352162,0.0,0.0,0.0
50,60170304043.0,63,38,352162,63,38,352162,1.0,1.0,1.0
51,60170304033.0,0,0,0,124,0,424,0.0,nan,0.0
51,60170304041.0,70,0,424,124,0,424,0.5645161290322581,nan,1.0
51,60170304042.0,54,0,0,124,0,424,0.43548387096774194,nan,0.0
52,60170304033.0,1,0,0,166,0,0,0.006024096385542169,nan,nan
52,60170304042.0,165,0,0,166,0,0,0.9939759036144579,nan,nan
53,60170304032.0,1,0,0,358,0,0,0.002793296089385475,nan,nan
53,60170304033.0,357,0,0,358,0,0,0.9972067039106145,nan,nan
54,60170304021.0,610,16,2031,655,16,2031,0.9312977099236641,1.0,1.0
54,60170304023.0,27,0,0,655,16,2031,0.04122137404580153,0.0,0.0
54,60170305024.0,18,0,0,655,16,2031,0.02748091603053435,0.0,0.0
55,60170305024.0,0,0,0,0,0,0,nan,nan,nan
56,60170304023.0,356,0,35101,356,0,35101,1.0,nan,1.0
57,60170304023.0,30,0,97902,30,0,97902,1.0,nan,1.0
57,60170304024.0,0,0,0,30,0,97902,0.0,nan,0.0
58,60170304023.0,0,0,0,650,0,402864,0.0,nan,0.0
58,60170304024.0,647,0,186546,650,0,402864,0.9953846153846154,nan,0.4630495651137853
58,60170304025.0,3,0,216318,650,0,402864,0.004615384615384616,nan,0.5369504348862147
59,60170304024.0,198,0,12859,567,14,20312,0.3492063492063492,0.0,0.6330740448995668
59,60170304025.0,369,14,7453,567,14,20312,0.6507936507936508,1.0,0.36692595510043324
60,60170304022.0,559,79,58555,559,79,58555,1.0,1.0,1.0
61,60170304022.0,17,23,238570,17,23,238570,1.0,1.0,1.0
62,60170304022.0,281,0,40497,281,0,40497,1.0,nan,1.0
63,60170305042.0,0,0,0,0,0,0,nan,nan,nan
63,60170305071.0,0,0,0,0,0,0,nan,nan,nan
64,60170305042.0,0,0,0,1,0,0,0.0,nan,nan
64,60170305071.0,1,0,0,1,0,0,1.0,nan,nan
65,60170305042.0,358,0,0,358,0,0,1.0,nan,nan
66,60170305042.0,239,0,0,239,0,0,1.0,nan,nan
67,60170305041.0,231,0,0,231,0,0,1.0,nan,nan
68,60170305041.0,137,0,0,137,0,0,1.0,nan,nan
69,60170302011.0,0,0,0,61,0,0,0.0,nan,nan
69,60170305041.0,61,0,0,61,0,0,1.0,nan,nan
70,60170305041.0,190,0,0,190,0,0,1.0,nan,nan
70,60170305043.0,0,0,0,190,0,0,0.0,nan,nan
71,60170305041.0,64,0,0,64,0,0,1.0,nan,nan
72,60170305071.0,0,0,0,0,0,0,nan,nan,nan
73,60170305071.0,0,0,0,0,0,0,nan,nan,nan
74,60170305071.0,0,0,0,0,0,0,nan,nan,nan
75,60170305071.0,118,0,0,911,0,14294,0.12952799121844127,nan,0.0
75,60170305072.0,360,0,0,911,0,14294,0.3951701427003293,nan,0.0
75,60170305073.0,433,0,14294,911,0,14294,0.47530186608122943,nan,1.0
76,60170304022.0,0,0,0,280,0,0,0.0,nan,nan
76,60170305043.0,95,0,0,280,0,0,0.3392857142857143,nan,nan
76,60170305072.0,185,0,0,280,0,0,0.6607142857142857,nan,nan
77,60170305042.0,0,0,0,53,0,0,0.0,nan,nan
77,60170305071.0,53,0,0,53,0,0,1.0,nan,nan
78,60170305041.0,10,0,0,409,0,0,0.02444987775061125,nan,nan
78,60170305042.0,4,0,0,409,0,0,0.009779951100244499,nan,nan
78,60170305043.0,395,0,0,409,0,0,0.9657701711491442,nan,nan
79,60170305041.0,109,0,0,320,0,0,0.340625,nan,nan
79,60170305043.0,211,0,0,320,0,0,0.659375,nan,nan
80,60170304022.0,1,0,0,1,0,0,1.0,nan,nan
80,60170305043.0,0,0,0,1,0,0,0.0,nan,nan
81,60170304022.0,0,0,0,0,0,0,nan,nan,nan
82,60170304025.0,10,0,46536,10,0,46536,1.0,nan,1.0
83,60170304025.0,32,0,0,32,0,0,1.0,nan,nan
84,60170305073.0,1,0,14464,1,0,14464,1.0,nan,1.0
85,60170305071.0,59,0,14122,79,0,14222,0.7468354430379747,nan,0.9929686401350021
85,60170305073.0,20,0,100,79,0,14222,0.25316455696202533,nan,0.00703135986499789
86,60170305071.0,79,0,81892,79,0,81892,1.0,nan,1.0
87,60170305071.0,22,0,0,22,0,0,1.0,nan,nan
88,60170305071.0,62,0,0,62,0,0,1.0,nan,nan
89,60170305061.0,13,0,0,13,0,0,1.0,nan,nan
90,60170305061.0,18,0,0,18,0,0,1.0,nan,nan
91,60170305061.0,251,0,0,251,0,0,1.0,nan,nan
92,60170305061.0,454,0,0,454,0,0,1.0,nan,nan
93,60170305061.0,3,0,977,3,0,977,1.0,nan,1.0
94,60170305021.0,23,0,0,23,0,0,1.0,nan,nan
95,60170305021.0,443,0,0,786,0,0,0.5636132315521628,nan,nan
95,60170305022.0,343,0,0,786,0,0,0.43638676844783714,nan,nan
96,60170305023.0,21,0,80411,21,0,80411,1.0,nan,1.0
97,60170305023.0,523,0,0,523,0,0,1.0,nan,nan
98,60170305023.0,0,0,0,0,0,0,nan,nan,nan
99,60170305022.0,2,0,0,4,0,0,0.5,nan,nan
99,60170305024.0,2,0,0,4,0,0,0.5,nan,nan
100,60170305021.0,185,0,0,509,0,0,0.36345776031434185,nan,nan
100,60170305022.0,90,0,0,509,0,0,0.17681728880157171,nan,nan
100,60170305024.0,232,0,0,509,0,0,0.45579567779960706,nan,nan
100,60170320022.0,2,0,0,509,0,0,0.003929273084479371,nan,nan
101,60170305024.0,0,0,0,0,0,0,nan,nan,nan
102,60170305024.0,103,0,0,103,0,0,1.0,nan,nan
103,60170320022.0,31,71,0,31,71,0,1.0,1.0,nan
104,60170320022.0,0,0,0,0,0,0,nan,nan,nan
105,60170305024.0,0,0,0,0,0,0,nan,nan,nan
105,60170320022.0,0,0,0,0,0,0,nan,nan,nan
106,60170320022.0,0,0,0,0,0,0,nan,nan,nan
107,60170320021.0,39,0,0,44,0,0,0.8863636363636364,nan,nan
107,60170320022.0,5,0,0,44,0,0,0.11363636363636363,nan,nan
108,60170320021.0,47,0,0,164,0,0,0.2865853658536585,nan,nan
108,60170320022.0,117,0,0,164,0,0,0.7134146341463414,nan,nan
109,60170320022.0,27,0,0,27,0,0,1.0,nan,nan
110,60170320022.0,17,0,0,17,0,0,1.0,nan,nan
111,60170320021.0,14,0,0,39,0,0,0.358974358974359,nan,nan
111,60170320022.0,25,0,0,39,0,0,0.6410256410256411,nan,nan
112,60170320021.0,0,0,0,0,0,0,nan,nan,nan
113,60170320021.0,0,0,0,0,0,0,nan,nan,nan
114,60170320021.0,136,0,0,136,0,0,1.0,nan,nan
115,60170320021.0,42,0,0,42,0,0,1.0,nan,nan
116,60170320021.0,0,0,0,0,0,0,nan,nan,nan
117,60170320021.0,22,0,0,22,0,0,1.0,nan,nan
118,60170320021.0,1,0,0,1,0,0,1.0,nan,nan
119,60170320021.0,0,0,0,0,0,0,nan,nan,nan
120,60170320021.0,15,0,0,15,0,0,1.0,nan,nan
121,60170320021.0,14,0,0,14,0,0,1.0,nan,nan
122,60170320021.0,299,0,0,299,0,0,1.0,nan,nan
123,60170320021.0,0,0,0,0,0,0,nan,nan,nan
124,60170320021.0,277,0,0,277,0,0,1.0,nan,nan
125,60170320021.0,64,22,9136,64,22,9136,1.0,1.0,1.0
126,60170320021.0,0,0,0,0,0,0,nan,nan,nan
127,60170320011.0,0,0,0,0,0,0,nan,nan,nan
127,60170320021.0,0,0,0,0,0,0,nan,nan,nan
128,60170320011.0,3,0,0,3,0,0,1.0,nan,nan
128,60170320021.0,0,0,0,3,0,0,0.0,nan,nan
129,60170320011.0,125,0,0,125,0,0,1.0,nan,nan
130,60170320011.0,958,0,0,958,0,0,1.0,nan,nan
131,60170320011.0,89,19,9604,92,19,9604,0.967391304347826,1.0,1.0
131,60610223002.0,3,0,0,92,19,9604,0.03260869565217391,0.0,0.0
132,60170320022.0,201,0,0,201,0,0,1.0,nan,nan
133,60610223002.0,59,30,9717,59,30,9717,1.0,1.0,1.0
134,60170320011.0,0,0,0,551,0,0,0.0,nan,nan
134,60610223002.0,551,0,0,551,0,0,1.0,nan,nan
135,60610223002.0,46,0,2260,46,0,2260,1.0,nan,1.0
136,60610223002.0,186,0,0,186,0,0,1.0,nan,nan
137,60610223002.0,112,0,10068,112,0,10068,1.0,nan,1.0
138,60610223002.0,0,0,1808,0,0,1808,nan,nan,1.0
139,60610223001.0,13,0,4903,98,33,75737,0.1326530612244898,0.0,0.06473718261879927
139,60610223002.0,85,33,70834,98,33,75737,0.8673469387755102,1.0,0.9352628173812008
140,60610223001.0,0,0,0,5,0,0,0.0,nan,nan
140,60610223002.0,5,0,0,5,0,0,1.0,nan,nan
141,60610223001.0,333,9,0,333,9,0,1.0,1.0,nan
142,60610221002.0,1,0,0,87,0,0,0.011494252873563218,nan,nan
142,60610223001.0,86,0,0,87,0,0,0.9885057471264368,nan,nan
143,60610221002.0,115,0,0,116,0,0,0.9913793103448276,nan,nan
143,60610223001.0,1,0,0,116,0,0,0.008620689655172414,nan,nan
144,60610221002.0,193,0,0,193,0,0,1.0,nan,nan
145,60610221001.0,0,0,0,0,0,0,nan,nan,nan
145,60610221002.0,0,0,0,0,0,0,nan,nan,nan
146,60610221002.0,0,0,0,0,0,0,nan,nan,nan
147,60610221002.0,95,0,0,95,0,0,1.0,nan,nan
148,60610221001.0,356,0,0,356,0,0,1.0,nan,nan
148,60610221002.0,0,0,0,356,0,0,0.0,nan,nan
149,60610221001.0,606,45,18969,609,45,18969,0.9950738916256158,1.0,1.0
149,60610221002.0,3,0,0,609,45,18969,0.0049261083743842365,0.0,0.0
149,60610222002.0,0,0,0,609,45,18969,0.0,0.0,0.0
150,60610221001.0,0,0,0,0,0,0,nan,nan,nan
151,60610221001.0,1,0,0,307,0,0,0.003257328990228013,nan,nan
151,60610222001.0,135,0,0,307,0,0,0.43973941368078173,nan,nan
151,60610222002.0,171,0,0,307,0,0,0.5570032573289903,nan,nan
152,60610222002.0,49,165,45196,49,165,45196,1.0,1.0,1.0
153,60610222001.0,52,0,10943,211,0,35695,0.24644549763033174,nan,0.30656954755568006
153,60610222002.0,159,0,24752,211,0,35695,0.7535545023696683,nan,0.6934304524443199
154,60610222001.0,273,0,11326,273,0,11326,1.0,nan,1.0
155,60610222001.0,31,0,35156,32,46,151234,0.96875,0.0,0.2324609545472579
155,60610222002.0,1,46,116078,32,46,151234,0.03125,1.0,0.7675390454527421
156,60610222001.0,5,0,0,5,0,0,1.0,nan,nan
157,60610222001.0,3,33,139762,24,93,188314,0.125,0.3548387096774194,0.7421753029514534
157,60610222002.0,21,60,48552,24,93,188314,0.875,0.6451612903225806,0.2578246970485466
158,60610222002.0,1,0,4540,1,0,4540,1.0,nan,1.0
159,60610222001.0,0,0,0,1,24,23668,0.0,0.0,0.0
159,60610222002.0,1,24,23668,1,24,23668,1.0,1.0,1.0
160,60610201042.0,23,0,0,234,0,12955,0.09829059829059829,nan,0.0
160,60610201043.0,9,0,10472,234,0,12955,0.038461538461538464,nan,0.8083365495947511
160,60610222002.0,202,0,2483,234,0,12955,0.8632478632478633,nan,0.19166345040524893
161,60610221002.0,0,0,0,7,0,0,0.0,nan,nan
161,60610222002.0,7,0,0,7,0,0,1.0,nan,nan
162,60610222001.0,3,0,11498,12,0,58203,0.25,nan,0.19754995446970086
162,60610222002.0,9,0,46705,12,0,58203,0.75,nan,0.8024500455302991
164,60610201042.0,60,0,0,60,0,0,1.0,nan,nan
165,60610201042.0,0,0,0,0,0,0,nan,nan,nan
166,60610201041.0,65,0,11852,690,0,131020,0.09420289855072464,nan,0.09045947183636086
166,60610201042.0,438,0,113693,690,0,131020,0.6347826086956522,nan,0.8677530148068997
166,60610201043.0,187,0,5475,690,0,131020,0.2710144927536232,nan,0.04178751335673943
167,60610201041.0,667,0,0,667,0,0,1.0,nan,nan
168,60610201041.0,151,0,1403,170,0,1403,0.888235294117647,nan,1.0
168,60610201052.0,19,0,0,170,0,1403,0.11176470588235295,nan,0.0
169,60610201041.0,0,0,4608,25,0,7026,0.0,nan,0.6558497011101623
169,60610201043.0,23,0,2418,25,0,7026,0.92,nan,0.3441502988898377
169,60610201052.0,2,0,0,25,0,7026,0.08,nan,0.0
170,60610201043.0,41,0,0,41,0,0,1.0,nan,nan
171,60610201043.0,199,0,0,199,0,0,1.0,nan,nan
172,60610201043.0,0,0,0,0,0,0,nan,nan,nan
173,60610201043.0,109,21,4903,109,21,4903,1.0,1.0,1.0
173,60610222002.0,0,0,0,109,21,4903,0.0,0.0,0.0
174,60610201052.0,966,0,0,966,0,0,1.0,nan,nan
175,60610201051.0,21,0,0,23,0,0,0.9130434782608695,nan,nan
175,60610201052.0,2,0,0,23,0,0,0.08695652173913043,nan,nan
176,60610201051.0,40,8,31145,90,8,31145,0.4444444444444444,1.0,1.0
176,60610201052.0,50,0,0,90,8,31145,0.5555555555555556,0.0,0.0
177,60610201051.0,35,0,54695,35,0,54695,1.0,nan,1.0
178,60610201051.0,555,0,0,555,0,0,1.0,nan,nan
178,60610201061.0,0,0,0,555,0,0,0.0,nan,nan
179,60610201051.0,150,0,0,193,0,0,0.7772020725388601,nan,nan
179,60610201052.0,43,0,0,193,0,0,0.22279792746113988,nan,nan
179,60610201061.0,0,0,0,193,0,0,0.0,nan,nan
180,60610201061.0,121,0,0,121,0,0,1.0,nan,nan
181,60610201061.0,310,263,41655,528,284,45362,0.5871212121212122,0.926056338028169,0.9182796173008245
181,60610201062.0,218,21,3707,528,284,45362,0.4128787878787879,0.07394366197183098,0.08172038269917552
182,60610201062.0,243,55,50876,243,55,50876,1.0,1.0,1.0
183,60610201062.0,200,0,0,200,0,0,1.0,nan,nan
184,60610201061.0,57,0,0,94,0,0,0.6063829787234043,nan,nan
184,60610201062.0,37,0,0,94,0,0,0.39361702127659576,nan,nan
185,60610201061.0,0,0,8543,0,0,8543,nan,nan,1.0
186,60610201061.0,224,0,0,224,0,0,1.0,nan,nan
187,60610201062.0,0,0,0,0,0,0,nan,nan,nan
188,60610201062.0,424,0,0,439,0,0,0.9658314350797267,nan,nan
188,60610201071.0,15,0,0,439,0,0,0.03416856492027335,nan,nan
189,60610201062.0,5,0,0,104,150,44786,0.04807692307692308,0.0,0.0
189,60610201073.0,99,150,44786,104,150,44786,0.9519230769230769,1.0,1.0
190,60610201071.0,446,9,53500,1246,71,253800,0.3579454253611557,0.1267605633802817,0.210795902285264
190,60610201072.0,588,42,104077,1246,71,253800,0.47191011235955055,0.5915492957746479,0.4100748620961387
190,60610201073.0,212,20,96223,1246,71,253800,0.17014446227929375,0.28169014084507044,0.3791292356185973
191,60610201071.0,189,0,0,189,0,0,1.0,nan,nan
191,60610201073.0,0,0,0,189,0,0,0.0,nan,nan
192,60610201071.0,183,0,7949,183,0,7949,1.0,nan,1.0
192,320310033083.0,0,0,0,183,0,7949,0.0,nan,0.0
200,320050017002.0,0,1288,2730,0,1288,2730,nan,1.0,1.0
201,320050017002.0,0,154,0,0,154,0,nan,1.0,nan
202,320050018001.0,0,950,0,0,950,0,nan,1.0,nan
203,320050018001.0,5,0,0,5,0,0,1.0,nan,nan
204,320050018001.0,0,64,31745,0,64,31745,nan,1.0,1.0
205,320050017001.0,0,0,0,0,0,91446,nan,nan,0.0
205,320050018001.0,0,0,91446,0,0,91446,nan,nan,1.0
206,320050017001.0,0,0,0,242,123,57308,0.0,0.0,0.0
206,320050017002.0,242,123,57308,242,123,57308,1.0,1.0,1.0
207,320050018001.0,0,0,0,0,0,0,nan,nan,nan
208,320050018001.0,29,0,0,29,0,0,1.0,nan,nan
208,320050018002.0,0,0,0,29,0,0,0.0,nan,nan
209,320050018001.0,0,35,0,99,106,0,0.0,0.330188679245283,nan
209,320050018002.0,99,71,0,99,106,0,1.0,0.6698113207547169,nan
210,320050018002.0,63,669,10285,63,669,10285,1.0,1.0,1.0
211,320050018001.0,18,0,0,297,50,0,0.06060606060606061,0.0,nan
211,320050018002.0,279,50,0,297,50,0,0.9393939393939394,1.0,nan
212,320050018001.0,177,0,21435,177,0,21435,1.0,nan,1.0
213,320050018001.0,521,0,194030,521,0,194030,1.0,nan,1.0
214,320050017001.0,0,0,0,4,0,0,0.0,nan,nan
214,320050018001.0,4,0,0,4,0,0,1.0,nan,nan
215,320050018001.0,26,0,7513,72,0,26725,0.3611111111111111,nan,0.2811225444340505
215,320050018002.0,46,0,19212,72,0,26725,0.6388888888888888,nan,0.7188774555659495
216,320050018002.0,247,0,0,247,0,0,1.0,nan,nan
217,320050017001.0,0,0,49085,256,0,49085,0.0,nan,1.0
217,320050017002.0,256,0,0,256,0,49085,1.0,nan,0.0
218,320050017001.0,1,0,0,1,0,0,1.0,nan,nan
219,320050017001.0,193,110,3477,193,110,3477,1.0,1.0,1.0
220,320050016001.0,135,0,0,137,0,0,0.9854014598540146,nan,nan
220,320050017001.0,2,0,0,137,0,0,0.014598540145985401,nan,nan
221,320050017001.0,332,0,20415,332,0,20415,1.0,nan,1.0
222,320050017001.0,47,0,133861,47,0,133861,1.0,nan,1.0
223,320050016001.0,7,0,0,282,0,31114,0.024822695035460994,nan,0.0
223,320050017001.0,275,0,31114,282,0,31114,0.975177304964539,nan,1.0
224,320050016001.0,187,32,0,187,32,0,1.0,1.0,nan
225,320050016001.0,279,5,25396,279,5,25396,1.0,1.0,1.0
225,320050017001.0,0,0,0,279,5,25396,0.0,0.0,0.0
226,320050016001.0,0,0,0,0,0,0,nan,nan,nan
227,320050016002.0,0,0,0,0,0,0,nan,nan,nan
228,320050016002.0,0,0,0,0,0,0,nan,nan,nan
229,320050016002.0,338,0,0,338,0,0,1.0,nan,nan
230,320050016002.0,94,0,0,94,0,0,1.0,nan,nan
231,320050016002.0,141,0,4771,141,0,4771,1.0,nan,1.0
232,320050016002.0,23,0,0,23,0,0,1.0,nan,nan
233,320050016002.0,13,0,0,13,0,0,1.0,nan,nan
234,320050016002.0,2,0,0,2,0,0,1.0,nan,nan
235,320050016002.0,22,0,0,22,0,0,1.0,nan,nan
236,320050016002.0,2,0,0,2,0,0,1.0,nan,nan
237,320050016002.0,54,0,0,54,0,0,1.0,nan,nan
238,320050016002.0,0,0,0,0,0,0,nan,nan,nan
240,320050016002.0,237,0,0,237,0,0,1.0,nan,nan
241,320050016002.0,1,0,0,1,0,0,1.0,nan,nan
242,320050016002.0,64,0,0,64,0,0,1.0,nan,nan
243,320050016002.0,2,0,0,2,0,0,1.0,nan,nan
244,320050016002.0,0,0,0,0,0,0,nan,nan,nan
245,325100003002.0,1,0,0,1,0,0,1.0,nan,nan
246,325100003002.0,0,0,0,0,0,0,nan,nan,nan
247,325100003002.0,0,0,0,0,0,0,nan,nan,nan
248,325100003002.0,0,0,0,0,0,0,nan,nan,nan
249,325100003002.0,0,0,0,0,0,0,nan,nan,nan
250,325100003002.0,0,0,0,0,0,0,nan,nan,nan
251,325100003002.0,0,0,0,0,0,0,nan,nan,nan
252,320310033102.0,0,0,0,0,0,0,nan,nan,nan
253,320310033102.0,0,0,0,0,0,0,nan,nan,nan
254,320310033102.0,0,0,0,0,0,0,nan,nan,nan
258,320310033072.0,1,0,0,1,0,0,1.0,nan,nan
258,320310033102.0,0,0,0,1,0,0,0.0,nan,nan
259,320310033072.0,1,0,0,5,0,0,0.2,nan,nan
259,320310033102.0,4,0,0,5,0,0,0.8,nan,nan
260,320310033072.0,126,0,0,126,0,0,1.0,nan,nan
261,320310033072.0,388,38,54089,388,38,54089,1.0,1.0,1.0
262,320310033071.0,158,16,10284,158,16,10284,1.0,1.0,1.0
263,320310033062.0,0,0,0,0,6,0,nan,0.0,nan
263,320310033072.0,0,6,0,0,6,0,nan,1.0,nan
264,320310033062.0,4,0,0,218,476,11442,0.01834862385321101,0.0,0.0
264,320310033071.0,214,476,11442,218,476,11442,0.981651376146789,1.0,1.0
265,320310033071.0,14,0,228393,14,0,228393,1.0,nan,1.0
266,320310033102.0,1,0,135587,1,0,135587,1.0,nan,1.0
267,320310033101.0,0,0,0,562,0,53251,0.0,nan,0.0
267,320310033102.0,562,0,53251,562,0,53251,1.0,nan,1.0
268,320310033101.0,2,0,0,5,0,0,0.4,nan,nan
268,320310033102.0,3,0,0,5,0,0,0.6,nan,nan
269,320310033082.0,0,0,0,445,21,0,0.0,0.0,nan
269,320310033101.0,445,21,0,445,21,0,1.0,1.0,nan
270,320310033101.0,294,0,0,418,0,0,0.7033492822966507,nan,nan
270,320310033111.0,54,0,0,418,0,0,0.1291866028708134,nan,nan
270,320310033112.0,70,0,0,418,0,0,0.1674641148325359,nan,nan
271,320310033112.0,52,0,0,52,0,0,1.0,nan,nan
272,320310033112.0,168,0,155164,168,0,155164,1.0,nan,1.0
273,320310033112.0,468,93,8521,468,93,8521,1.0,1.0,1.0
274,320310033051.0,12,0,0,594,0,0,0.020202020202020204,nan,nan
274,320310033111.0,582,0,0,594,0,0,0.9797979797979798,nan,nan
275,320310033062.0,60,0,0,60,0,0,1.0,nan,nan
276,320310033062.0,634,0,3479,634,0,3479,1.0,nan,1.0
277,320310033061.0,52,0,73270,150,0,73270,0.3466666666666667,nan,1.0
277,320310033062.0,98,0,0,150,0,73270,0.6533333333333333,nan,0.0
278,320310033061.0,267,0,34910,287,0,34910,0.9303135888501742,nan,1.0
278,320310033062.0,20,0,0,287,0,34910,0.06968641114982578,nan,0.0
279,320310033061.0,112,0,147104,131,0,147104,0.8549618320610687,nan,1.0
279,320310033062.0,19,0,0,131,0,147104,0.1450381679389313,nan,0.0
280,320310033051.0,0,0,69383,2,0,69383,0.0,nan,1.0
280,320310033061.0,2,0,0,2,0,69383,1.0,nan,0.0
281,320310033051.0,129,0,10098,146,0,12222,0.8835616438356164,nan,0.8262150220913107
281,320310033061.0,17,0,2124,146,0,12222,0.11643835616438356,nan,0.17378497790868924
282,320310033051.0,261,0,18684,261,0,18684,1.0,nan,1.0
283,320310033051.0,306,0,0,306,0,0,1.0,nan,nan
284,320310033051.0,0,0,19497,0,0,19497,nan,nan,1.0
285,320310033082.0,0,0,0,0,0,0,nan,nan,nan
286,320310033082.0,183,0,0,183,0,0,1.0,nan,nan
287,320310033081.0,12,0,0,504,0,0,0.023809523809523808,nan,nan
287,320310033082.0,492,0,0,504,0,0,0.9761904761904762,nan,nan
288,320310033083.0,14,0,0,14,0,0,1.0,nan,nan
289,320310033061.0,26,0,0,98,0,10032,0.2653061224489796,nan,0.0
289,320310033083.0,72,0,10032,98,0,10032,0.7346938775510204,nan,1.0
290,320310033051.0,8,0,0,8,0,0,1.0,nan,nan
291,320310033081.0,545,0,0,686,0,0,0.7944606413994169,nan,nan
291,320310033082.0,79,0,0,686,0,0,0.1151603498542274,nan,nan
291,320310033083.0,62,0,0,686,0,0,0.09037900874635568,nan,nan
292,320310033081.0,3,0,0,10,0,0,0.3,nan,nan
292,320310033083.0,7,0,0,10,0,0,0.7,nan,nan
293,320310033083.0,137,0,0,137,0,0,1.0,nan,nan
294,320310033083.0,183,0,0,183,0,0,1.0,nan,nan
295,320310033083.0,15,104,146525,15,104,146525,1.0,1.0,1.0
296,320310033083.0,79,19,12328,79,19,12328,1.0,1.0,1.0
297,320310033083.0,9,186,0,9,186,0,1.0,1.0,nan
