DEV_Year,TAZ,APN
2023,9,2
2023,15,2
2023,19,1
2023,26,1
2023,38,1
2023,39,2
2023,40,2
2023,42,4
2023,43,1
2023,47,1
2023,49,1
2023,54,1
2023,58,3
2023,66,2
2023,67,1
2023,70,1
2023,75,3
2023,76,1
2023,77,1
2023,79,1
2023,82,1
2023,92,1
2023,95,2
2023,96,1
2023,97,1
2023,100,2
2023,124,1
2023,130,3
2023,144,2
2023,146,1
2023,149,1
2023,154,1
2023,157,1
2023,160,2
2023,166,3
2023,174,2
2023,178,1
2023,181,1
2023,186,2
2023,188,1
2023,189,2
2023,190,2
2023,192,1
2023,202,1
2023,206,1
2023,209,1
2023,210,13
2023,211,2
2023,221,2
2023,225,1
2023,231,1
2023,242,1
2023,266,1
2023,267,2
2023,274,1
2023,276,1
2023,279,1
2023,283,1
2023,291,1
2023,294,1
2023,295,1
2024,0,1
2024,9,3
2024,11,1
2024,13,3
2024,14,1
2024,15,1
2024,19,1
2024,23,1
2024,34,1
2024,38,1
2024,39,1
2024,40,1
2024,41,1
2024,42,1
2024,46,1
2024,47,1
2024,48,1
2024,49,1
2024,50,1
2024,54,1
2024,57,1
2024,58,3
2024,59,2
2024,60,1
2024,65,1
2024,67,1
2024,75,2
2024,85,1
2024,86,1
2024,95,1
2024,100,2
2024,120,1
2024,125,1
2024,129,3
2024,130,2
2024,131,1
2024,134,1
2024,137,1
2024,139,1
2024,141,2
2024,154,1
2024,155,1
2024,157,1
2024,166,1
2024,176,1
2024,179,1
2024,181,1
2024,183,2
2024,184,1
2024,188,2
2024,189,1
2024,190,2
2024,191,1
2024,192,1
2024,209,1
2024,210,13
2024,211,1
2024,212,2
2024,213,2
2024,216,1
2024,224,1
2024,229,1
2024,231,1
2024,265,1
2024,274,1
2024,276,1
2024,278,1
2024,279,1
2024,287,1
2024,297,1
2025,0,1
2025,9,2
2025,11,2
2025,15,3
2025,23,3
2025,25,1
2025,26,2
2025,28,1
2025,38,1
2025,40,2
2025,42,2
2025,43,2
2025,46,2
2025,47,1
2025,48,2
2025,51,1
2025,54,1
2025,58,2
2025,67,1
2025,75,1
2025,76,3
2025,78,1
2025,79,2
2025,91,1
2025,92,2
2025,95,1
2025,97,1
2025,100,3
2025,124,1
2025,129,1
2025,130,1
2025,134,1
2025,137,1
2025,139,4
2025,148,1
2025,149,1
2025,151,1
2025,153,1
2025,155,1
2025,157,5
2025,166,1
2025,167,1
2025,174,1
2025,176,1
2025,178,1
2025,179,1
2025,182,1
2025,183,1
2025,186,1
2025,188,2
2025,190,2
2025,192,1
2025,209,2
2025,210,6
2025,214,1
2025,221,1
2025,223,1
2025,240,2
2025,274,3
2025,278,1
2025,281,1
2025,282,1
2025,296,1
2026,0,2
2026,11,1
2026,14,1
2026,24,1
2026,25,1
2026,30,1
2026,35,1
2026,38,1
2026,39,1
2026,41,2
2026,42,2
2026,43,1
2026,44,1
2026,45,1
2026,47,2
2026,48,1
2026,52,1
2026,56,1
2026,57,1
2026,58,4
2026,59,2
2026,60,2
2026,62,1
2026,75,1
2026,79,2
2026,91,1
2026,97,1
2026,100,2
2026,102,1
2026,108,1
2026,115,1
2026,124,1
2026,125,1
2026,134,1
2026,138,1
2026,139,2
2026,149,2
2026,151,1
2026,157,1
2026,166,4
2026,167,1
2026,173,1
2026,174,2
2026,179,1
2026,183,1
2026,184,1
2026,186,3
2026,189,4
2026,190,2
2026,192,1
2026,200,1
2026,209,5
2026,210,8
2026,213,1
2026,221,2
2026,235,1
2026,240,1
2026,259,1
2026,266,1
2026,270,1
2026,273,1
2026,280,2
2026,287,1
2026,295,1
2027,0,2
2027,11,1
2027,12,1
2027,19,3
2027,26,2
2027,35,2
2027,37,1
2027,38,1
2027,39,1
2027,41,1
2027,42,1
2027,43,1
2027,45,1
2027,47,1
2027,48,3
2027,49,1
2027,51,1
2027,54,3
2027,56,1
2027,57,1
2027,58,2
2027,59,2
2027,62,1
2027,65,1
2027,67,1
2027,68,1
2027,69,1
2027,75,2
2027,76,1
2027,78,1
2027,79,1
2027,95,2
2027,97,3
2027,100,1
2027,109,1
2027,122,1
2027,124,1
2027,130,6
2027,139,3
2027,148,1
2027,154,1
2027,155,1
2027,157,6
2027,167,1
2027,173,1
2027,174,1
2027,181,1
2027,190,4
2027,209,1
2027,210,12
2027,211,1
2027,219,2
2027,224,1
2027,231,1
2027,267,1
2027,279,1
2027,295,2
2028,9,1
2028,10,1
2028,11,1
2028,14,1
2028,15,1
2028,21,2
2028,23,1
2028,24,1
2028,26,2
2028,34,1
2028,41,1
2028,42,5
2028,43,2
2028,46,1
2028,47,2
2028,49,2
2028,51,1
2028,54,1
2028,58,2
2028,60,1
2028,62,1
2028,65,3
2028,67,1
2028,68,1
2028,71,1
2028,79,1
2028,82,1
2028,86,1
2028,95,1
2028,97,1
2028,107,1
2028,120,1
2028,124,1
2028,130,4
2028,139,3
2028,141,2
2028,148,2
2028,149,1
2028,153,1
2028,157,1
2028,162,1
2028,168,1
2028,173,1
2028,174,2
2028,178,1
2028,179,1
2028,180,1
2028,181,1
2028,183,1
2028,184,1
2028,186,2
2028,190,5
2028,192,1
2028,208,1
2028,209,2
2028,210,6
2028,211,2
2028,219,1
2028,225,2
2028,240,1
2028,274,2
2028,279,1
2028,282,1
2028,287,1
2028,291,1
2028,293,1
2029,10,1
2029,11,2
2029,14,1
2029,19,1
2029,24,1
2029,25,1
2029,26,1
2029,34,1
2029,37,3
2029,38,2
2029,39,1
2029,40,1
2029,41,1
2029,42,2
2029,43,1
2029,47,1
2029,49,3
2029,50,2
2029,54,1
2029,57,1
2029,58,1
2029,59,1
2029,65,1
2029,66,1
2029,69,1
2029,75,5
2029,76,1
2029,78,2
2029,79,1
2029,82,1
2029,85,1
2029,86,1
2029,95,1
2029,96,1
2029,97,1
2029,100,1
2029,115,1
2029,122,1
2029,130,1
2029,131,2
2029,139,3
2029,143,1
2029,152,1
2029,157,1
2029,166,4
2029,167,1
2029,173,1
2029,174,1
2029,175,1
2029,181,2
2029,186,1
2029,188,1
2029,189,1
2029,190,1
2029,191,1
2029,200,1
2029,204,1
2029,209,3
2029,210,7
2029,211,2
2029,212,1
2029,213,1
2029,225,1
2029,236,1
2029,242,1
2029,265,1
2029,270,1
2029,274,1
2029,278,1
2029,296,2
2030,0,1
2030,9,1
2030,11,1
2030,19,1
2030,23,1
2030,24,2
2030,26,1
2030,37,1
2030,38,1
2030,41,1
2030,42,1
2030,45,3
2030,47,2
2030,48,1
2030,49,1
2030,50,1
2030,54,3
2030,58,2
2030,59,1
2030,60,3
2030,61,1
2030,65,1
2030,66,1
2030,68,1
2030,71,1
2030,75,1
2030,76,1
2030,77,1
2030,79,1
2030,81,1
2030,86,3
2030,91,2
2030,92,2
2030,97,2
2030,100,2
2030,129,1
2030,130,4
2030,139,3
2030,141,2
2030,155,1
2030,157,1
2030,160,1
2030,166,1
2030,174,3
2030,176,1
2030,181,2
2030,186,3
2030,188,2
2030,190,2
2030,191,1
2030,205,1
2030,209,1
2030,210,11
2030,221,1
2030,229,1
2030,237,1
2030,240,1
2030,243,1
2030,261,1
2030,265,1
2030,266,1
2030,297,1
2031,9,1
2031,11,1
2031,15,3
2031,16,1
2031,19,1
2031,23,1
2031,26,1
2031,35,1
2031,37,2
2031,38,1
2031,42,1
2031,43,1
2031,44,1
2031,46,1
2031,48,1
2031,49,1
2031,52,1
2031,54,1
2031,58,2
2031,59,1
2031,61,2
2031,65,1
2031,67,1
2031,71,1
2031,75,1
2031,76,1
2031,82,1
2031,85,2
2031,91,1
2031,92,2
2031,108,1
2031,122,2
2031,124,1
2031,130,3
2031,134,1
2031,136,1
2031,139,5
2031,148,2
2031,149,2
2031,151,1
2031,154,1
2031,157,1
2031,166,2
2031,167,1
2031,173,1
2031,176,1
2031,179,1
2031,181,1
2031,182,2
2031,183,1
2031,186,2
2031,190,4
2031,192,2
2031,200,1
2031,209,3
2031,210,9
2031,213,1
2031,224,1
2031,231,1
2031,266,1
2031,269,1
2031,270,1
2031,272,1
2031,274,1
2031,277,1
2031,278,1
2031,279,1
2032,0,1
2032,9,2
2032,11,2
2032,23,1
2032,24,1
2032,26,1
2032,38,4
2032,40,1
2032,42,5
2032,43,2
2032,44,1
2032,45,1
2032,46,1
2032,47,1
2032,52,1
2032,57,1
2032,58,3
2032,59,1
2032,60,3
2032,76,1
2032,77,1
2032,79,2
2032,86,1
2032,95,3
2032,96,1
2032,100,1
2032,109,1
2032,110,1
2032,122,1
2032,130,2
2032,139,1
2032,141,3
2032,143,1
2032,144,1
2032,149,1
2032,157,3
2032,160,2
2032,161,1
2032,166,1
2032,167,1
2032,174,4
2032,176,1
2032,179,2
2032,181,1
2032,182,1
2032,183,1
2032,184,1
2032,186,1
2032,189,1
2032,190,1
2032,209,2
2032,210,8
2032,211,1
2032,212,1
2032,215,1
2032,222,1
2032,223,1
2032,225,1
2032,237,1
2032,242,1
2032,261,1
2032,266,1
2032,274,2
2032,278,1
2033,9,3
2033,12,1
2033,13,3
2033,20,1
2033,23,1
2033,34,1
2033,37,1
2033,38,2
2033,39,1
2033,42,1
2033,48,1
2033,49,2
2033,50,1
2033,53,2
2033,56,1
2033,60,2
2033,61,1
2033,62,4
2033,67,1
2033,75,2
2033,78,2
2033,80,2
2033,85,2
2033,86,2
2033,87,1
2033,103,1
2033,115,2
2033,124,2
2033,130,2
2033,134,1
2033,135,1
2033,136,1
2033,138,1
2033,139,2
2033,141,1
2033,142,2
2033,147,1
2033,154,1
2033,157,3
2033,168,1
2033,174,3
2033,176,1
2033,178,1
2033,183,1
2033,186,3
2033,188,1
2033,190,4
2033,191,1
2033,209,5
2033,210,8
2033,211,1
2033,221,1
2033,265,1
2033,266,1
2033,269,1
2033,276,1
2033,287,1
2033,291,1
2033,294,1
2034,12,3
2034,18,1
2034,19,1
2034,22,1
2034,23,1
2034,37,1
2034,39,1
2034,40,2
2034,41,1
2034,42,2
2034,47,1
2034,48,1
2034,49,1
2034,50,1
2034,57,1
2034,59,3
2034,60,3
2034,61,1
2034,62,1
2034,67,1
2034,68,1
2034,75,3
2034,76,1
2034,82,1
2034,88,1
2034,96,2
2034,97,2
2034,107,1
2034,108,1
2034,125,1
2034,130,1
2034,135,1
2034,136,1
2034,137,1
2034,139,1
2034,141,1
2034,149,1
2034,151,1
2034,157,2
2034,162,1
2034,166,2
2034,167,2
2034,174,1
2034,176,2
2034,181,1
2034,182,2
2034,183,2
2034,186,2
2034,187,1
2034,188,1
2034,190,4
2034,191,2
2034,206,1
2034,209,1
2034,210,11
2034,211,1
2034,213,1
2034,217,1
2034,221,1
2034,225,1
2034,230,1
2034,237,1
2034,265,1
2034,274,1
2034,279,1
2034,287,1
2034,296,1
2035,0,2
2035,9,1
2035,10,1
2035,12,1
2035,13,1
2035,34,1
2035,39,1
2035,40,1
2035,41,1
2035,43,1
2035,50,1
2035,54,3
2035,57,1
2035,58,4
2035,59,4
2035,60,2
2035,75,1
2035,79,1
2035,82,1
2035,86,1
2035,91,1
2035,92,2
2035,95,1
2035,97,1
2035,100,2
2035,114,1
2035,115,2
2035,124,1
2035,130,3
2035,133,1
2035,134,1
2035,136,3
2035,137,1
2035,139,3
2035,141,2
2035,147,1
2035,149,2
2035,151,1
2035,152,1
2035,153,1
2035,154,1
2035,155,1
2035,157,1
2035,162,1
2035,166,1
2035,174,2
2035,179,1
2035,181,1
2035,183,1
2035,186,3
2035,188,1
2035,190,1
2035,192,1
2035,209,2
2035,210,9
2035,211,1
2035,217,1
2035,237,1
2035,240,1
2035,265,2
2035,267,1
2035,274,2
2035,275,1
2035,276,1
2035,279,1
2036,11,1
2036,15,1
2036,21,1
2036,24,2
2036,26,1
2036,35,1
2036,41,1
2036,42,2
2036,43,4
2036,45,1
2036,47,1
2036,48,1
2036,50,1
2036,52,1
2036,54,2
2036,58,3
2036,59,1
2036,60,1
2036,65,1
2036,67,1
2036,71,1
2036,75,1
2036,76,1
2036,78,1
2036,79,1
2036,100,1
2036,103,1
2036,107,1
2036,124,1
2036,130,1
2036,131,1
2036,136,1
2036,139,6
2036,149,2
2036,151,2
2036,154,1
2036,157,4
2036,166,3
2036,167,2
2036,174,1
2036,176,1
2036,177,1
2036,178,2
2036,181,3
2036,186,1
2036,188,1
2036,190,5
2036,205,1
2036,209,1
2036,210,14
2036,211,1
2036,222,1
2036,224,1
2036,269,1
2036,274,1
2036,280,1
2036,287,3
2037,12,2
2037,14,1
2037,15,2
2037,19,1
2037,23,1
2037,26,1
2037,34,2
2037,38,1
2037,42,1
2037,43,1
2037,47,1
2037,48,1
2037,49,3
2037,51,1
2037,54,1
2037,56,1
2037,57,1
2037,58,2
2037,59,1
2037,60,2
2037,66,1
2037,75,2
2037,78,1
2037,81,1
2037,82,1
2037,86,1
2037,91,1
2037,95,1
2037,96,1
2037,97,3
2037,108,1
2037,129,1
2037,130,1
2037,134,1
2037,137,1
2037,139,2
2037,142,2
2037,144,1
2037,148,1
2037,149,1
2037,157,1
2037,164,2
2037,167,2
2037,174,1
2037,178,1
2037,179,1
2037,181,3
2037,183,1
2037,186,1
2037,188,2
2037,189,1
2037,190,1
2037,191,1
2037,192,1
2037,209,4
2037,210,8
2037,211,1
2037,213,2
2037,221,1
2037,222,1
2037,223,1
2037,225,2
2037,240,2
2037,242,1
2037,265,1
2037,269,2
2037,272,1
2037,278,1
2037,279,1
2038,12,2
2038,13,1
2038,15,2
2038,19,1
2038,24,1
2038,26,2
2038,33,1
2038,37,1
2038,38,3
2038,39,1
2038,40,1
2038,42,1
2038,43,2
2038,45,1
2038,47,1
2038,48,2
2038,49,1
2038,50,2
2038,51,1
2038,54,1
2038,58,1
2038,59,1
2038,60,3
2038,65,1
2038,75,1
2038,76,2
2038,78,1
2038,82,1
2038,85,1
2038,87,1
2038,88,1
2038,95,3
2038,97,2
2038,124,1
2038,125,1
2038,130,2
2038,131,1
2038,133,1
2038,139,3
2038,144,1
2038,149,2
2038,157,5
2038,162,1
2038,166,1
2038,174,1
2038,177,1
2038,183,1
2038,186,1
2038,188,1
2038,189,1
2038,190,1
2038,205,1
2038,209,2
2038,210,8
2038,215,1
2038,217,1
2038,221,1
2038,225,2
2038,231,1
2038,240,1
2038,259,1
2038,267,1
2038,274,3
2038,282,2
2038,287,1
2038,296,1
2039,9,1
2039,13,3
2039,14,2
2039,15,1
2039,23,2
2039,25,1
2039,26,2
2039,34,1
2039,37,1
2039,38,1
2039,43,2
2039,46,2
2039,48,2
2039,54,2
2039,57,1
2039,58,2
2039,59,2
2039,60,2
2039,62,1
2039,65,1
2039,78,1
2039,79,1
2039,85,1
2039,86,2
2039,91,1
2039,95,4
2039,97,1
2039,124,1
2039,130,2
2039,136,1
2039,139,3
2039,140,1
2039,141,3
2039,148,1
2039,149,1
2039,152,1
2039,154,1
2039,157,2
2039,162,2
2039,166,2
2039,178,1
2039,181,3
2039,183,1
2039,188,2
2039,189,1
2039,190,4
2039,209,4
2039,210,6
2039,211,1
2039,214,1
2039,224,1
2039,229,2
2039,240,1
2039,242,1
2039,273,2
2039,274,1
2039,278,1
2039,280,1
2039,283,1
2039,287,1
2040,9,1
2040,11,1
2040,12,1
2040,13,2
2040,24,2
2040,38,1
2040,42,2
2040,43,2
2040,46,1
2040,48,2
2040,49,1
2040,50,1
2040,54,2
2040,56,1
2040,58,1
2040,59,1
2040,60,3
2040,61,1
2040,71,1
2040,75,1
2040,76,1
2040,79,2
2040,91,1
2040,92,2
2040,95,1
2040,100,1
2040,107,1
2040,130,4
2040,132,1
2040,136,1
2040,138,1
2040,139,2
2040,142,1
2040,148,1
2040,149,3
2040,152,1
2040,157,1
2040,160,1
2040,162,1
2040,166,3
2040,167,2
2040,174,3
2040,176,1
2040,181,1
2040,182,1
2040,183,1
2040,186,3
2040,188,1
2040,189,2
2040,190,2
2040,209,2
2040,210,11
2040,211,2
2040,221,1
2040,225,1
2040,229,1
2040,231,1
2040,263,1
2040,273,2
2040,282,1
2040,287,1
2040,294,1
2041,9,2
2041,10,1
2041,13,1
2041,18,1
2041,19,2
2041,23,2
2041,25,1
2041,26,3
2041,37,2
2041,38,1
2041,40,1
2041,42,4
2041,45,1
2041,47,1
2041,48,1
2041,52,2
2041,54,2
2041,58,1
2041,59,2
2041,65,1
2041,75,3
2041,76,1
2041,78,1
2041,82,1
2041,85,1
2041,86,1
2041,92,1
2041,95,2
2041,97,4
2041,102,1
2041,122,1
2041,129,1
2041,130,2
2041,139,3
2041,142,1
2041,148,1
2041,151,1
2041,153,1
2041,157,5
2041,160,1
2041,162,1
2041,166,1
2041,167,1
2041,174,1
2041,180,1
2041,181,1
2041,186,1
2041,188,1
2041,190,6
2041,204,1
2041,205,1
2041,209,2
2041,210,6
2041,211,2
2041,213,1
2041,231,1
2041,265,1
2041,266,1
2041,279,1
2041,284,1
2041,287,1
2041,291,1
2041,293,1
2042,11,2
2042,13,1
2042,14,1
2042,19,1
2042,23,1
2042,24,2
2042,37,3
2042,39,1
2042,40,1
2042,42,1
2042,47,1
2042,48,1
2042,49,2
2042,53,1
2042,56,1
2042,58,2
2042,59,1
2042,60,2
2042,76,1
2042,78,2
2042,79,1
2042,92,1
2042,97,1
2042,100,2
2042,102,1
2042,103,1
2042,122,1
2042,130,1
2042,131,1
2042,134,1
2042,139,1
2042,141,1
2042,144,2
2042,153,1
2042,157,2
2042,160,1
2042,166,2
2042,171,1
2042,174,2
2042,176,1
2042,177,1
2042,181,2
2042,184,1
2042,186,1
2042,188,1
2042,190,5
2042,208,2
2042,209,6
2042,210,15
2042,217,2
2042,219,3
2042,221,2
2042,237,1
2042,265,1
2042,279,2
2042,287,1
2042,291,1
2043,9,1
2043,11,3
2043,12,1
2043,14,2
2043,15,1
2043,19,1
2043,23,1
2043,24,1
2043,26,2
2043,34,1
2043,38,1
2043,39,1
2043,44,2
2043,46,1
2043,48,1
2043,58,1
2043,60,3
2043,61,1
2043,68,2
2043,75,3
2043,79,1
2043,82,1
2043,86,1
2043,91,1
2043,96,1
2043,100,1
2043,108,1
2043,115,1
2043,121,1
2043,122,1
2043,124,1
2043,129,1
2043,130,3
2043,133,1
2043,139,2
2043,140,1
2043,141,2
2043,143,1
2043,147,1
2043,151,1
2043,155,1
2043,157,2
2043,160,1
2043,166,3
2043,168,1
2043,173,1
2043,174,1
2043,178,1
2043,181,2
2043,182,1
2043,183,1
2043,184,1
2043,186,2
2043,190,6
2043,191,1
2043,209,2
2043,210,6
2043,213,1
2043,215,1
2043,219,1
2043,221,1
2043,225,1
2043,273,1
2043,274,1
2043,277,1
2043,278,1
2043,282,1
2043,293,1
2043,294,1
2043,296,1
2044,9,2
2044,12,2
2044,13,2
2044,15,2
2044,23,1
2044,24,2
2044,34,1
2044,38,1
2044,41,2
2044,42,4
2044,48,1
2044,49,2
2044,50,1
2044,51,1
2044,54,2
2044,56,1
2044,59,2
2044,62,1
2044,66,2
2044,67,1
2044,75,1
2044,83,1
2044,85,1
2044,86,1
2044,91,1
2044,95,1
2044,100,1
2044,122,1
2044,130,3
2044,139,3
2044,142,1
2044,143,1
2044,144,1
2044,149,1
2044,155,1
2044,157,1
2044,162,1
2044,167,1
2044,173,1
2044,178,1
2044,179,1
2044,181,1
2044,186,1
2044,188,1
2044,189,1
2044,190,1
2044,192,1
2044,200,1
2044,209,1
2044,210,12
2044,211,1
2044,224,1
2044,231,2
2044,240,1
2044,242,1
2044,259,1
2044,260,1
2044,261,2
2044,265,1
2044,267,1
2044,276,1
2044,279,2
2044,280,2
2044,281,1
2044,283,1
2044,286,1
2044,287,2
2045,0,2
2045,9,2
2045,12,1
2045,19,1
2045,23,3
2045,24,2
2045,26,1
2045,37,1
2045,42,1
2045,43,1
2045,44,1
2045,46,1
2045,47,2
2045,48,1
2045,49,1
2045,54,1
2045,56,1
2045,58,3
2045,59,1
2045,60,3
2045,62,2
2045,67,1
2045,75,2
2045,76,1
2045,92,2
2045,100,1
2045,110,1
2045,111,1
2045,114,1
2045,115,2
2045,122,1
2045,133,1
2045,134,2
2045,136,1
2045,139,1
2045,141,2
2045,148,1
2045,151,1
2045,154,1
2045,155,2
2045,157,2
2045,161,1
2045,166,2
2045,167,2
2045,173,1
2045,175,1
2045,176,1
2045,182,2
2045,188,2
2045,190,4
2045,200,1
2045,207,1
2045,209,2
2045,210,8
2045,222,1
2045,223,1
2045,225,1
2045,231,1
2045,240,2
2045,245,1
2045,272,1
2045,276,1
2045,279,1
2045,287,2
2045,295,1
2046,9,1
2046,12,1
2046,14,1
2046,19,2
2046,23,1
2046,24,2
2046,26,1
2046,38,1
2046,41,1
2046,43,1
2046,44,1
2046,47,1
2046,48,1
2046,49,2
2046,54,2
2046,58,2
2046,59,3
2046,60,1
2046,62,1
2046,65,2
2046,66,1
2046,68,1
2046,75,2
2046,76,2
2046,78,1
2046,86,3
2046,95,1
2046,100,4
2046,122,1
2046,124,1
2046,125,1
2046,130,2
2046,134,1
2046,139,3
2046,141,1
2046,151,1
2046,157,3
2046,167,1
2046,168,1
2046,170,1
2046,171,1
2046,176,1
2046,178,2
2046,179,1
2046,181,2
2046,182,2
2046,184,1
2046,186,1
2046,188,1
2046,190,5
2046,191,1
2046,205,1
2046,209,1
2046,210,8
2046,211,1
2046,213,1
2046,219,1
2046,221,1
2046,240,1
2046,260,1
2046,265,1
2046,274,1
2046,276,1
2046,279,1
2046,282,1
2046,291,1
2047,10,3
2047,12,3
2047,13,5
2047,14,1
2047,15,1
2047,23,1
2047,24,1
2047,25,1
2047,38,1
2047,42,1
2047,47,1
2047,48,2
2047,49,1
2047,50,1
2047,58,1
2047,59,1
2047,60,1
2047,61,2
2047,62,1
2047,66,1
2047,75,1
2047,76,1
2047,79,1
2047,82,1
2047,86,2
2047,91,1
2047,92,1
2047,97,1
2047,110,1
2047,130,3
2047,131,1
2047,134,1
2047,135,1
2047,139,3
2047,141,1
2047,142,1
2047,143,1
2047,149,1
2047,153,1
2047,157,3
2047,167,3
2047,173,1
2047,175,1
2047,178,1
2047,181,2
2047,182,1
2047,184,2
2047,186,2
2047,190,4
2047,209,3
2047,210,11
2047,211,1
2047,222,1
2047,225,1
2047,231,1
2047,259,1
2047,260,1
2047,265,1
2047,269,1
2047,273,1
2047,274,1
2047,287,1
2047,294,1
2048,9,1
2048,13,3
2048,23,1
2048,25,1
2048,26,1
2048,38,1
2048,40,1
2048,41,3
2048,42,1
2048,43,1
2048,48,1
2048,49,1
2048,50,1
2048,54,2
2048,56,1
2048,58,1
2048,59,2
2048,60,3
2048,65,1
2048,76,2
2048,79,1
2048,88,1
2048,91,2
2048,92,3
2048,95,2
2048,96,1
2048,97,1
2048,100,1
2048,122,1
2048,129,1
2048,130,5
2048,134,1
2048,139,4
2048,141,1
2048,144,1
2048,148,2
2048,149,1
2048,152,1
2048,157,2
2048,166,3
2048,178,1
2048,181,2
2048,183,1
2048,190,3
2048,191,1
2048,192,2
2048,209,2
2048,210,10
2048,212,1
2048,217,1
2048,221,2
2048,234,1
2048,265,1
2048,266,2
2048,267,1
2048,269,2
2048,274,1
2048,276,1
2048,287,1
2049,11,1
2049,12,1
2049,13,1
2049,14,1
2049,19,2
2049,21,1
2049,23,1
2049,26,1
2049,41,2
2049,43,1
2049,45,1
2049,47,1
2049,49,1
2049,56,1
2049,58,2
2049,59,3
2049,60,3
2049,61,1
2049,65,3
2049,75,4
2049,78,2
2049,79,2
2049,82,2
2049,91,1
2049,92,1
2049,96,1
2049,100,3
2049,102,1
2049,122,2
2049,130,1
2049,133,1
2049,139,4
2049,141,1
2049,146,1
2049,148,1
2049,149,3
2049,154,1
2049,157,3
2049,166,1
2049,174,2
2049,175,1
2049,178,1
2049,179,1
2049,181,1
2049,182,2
2049,186,1
2049,189,2
2049,190,3
2049,209,2
2049,210,8
2049,219,1
2049,231,1
2049,233,1
2049,240,3
2049,273,1
2049,274,1
2049,278,1
2049,280,1
2049,281,1
2049,297,1
2050,9,1
2050,12,3
2050,15,2
2050,26,2
2050,37,1
2050,38,3
2050,39,1
2050,40,1
2050,41,1
2050,43,1
2050,48,1
2050,49,3
2050,50,3
2050,56,1
2050,59,3
2050,60,3
2050,65,2
2050,68,1
2050,76,1
2050,79,1
2050,92,1
2050,96,2
2050,130,1
2050,139,1
2050,154,1
2050,155,1
2050,157,6
2050,158,1
2050,166,1
2050,167,2
2050,168,1
2050,169,1
2050,174,5
2050,175,1
2050,177,1
2050,179,1
2050,181,1
2050,182,1
2050,184,1
2050,186,1
2050,189,1
2050,190,5
2050,191,1
2050,192,1
2050,208,1
2050,209,2
2050,210,10
2050,211,2
2050,219,1
2050,224,1
2050,225,2
2050,240,1
2050,242,1
2050,269,1
2050,279,1
2050,280,1
2050,283,1
2050,291,1
2051,0,1
2051,9,3
2051,10,2
2051,11,1
2051,12,2
2051,14,1
2051,15,2
2051,17,1
2051,19,1
2051,21,1
2051,23,1
2051,25,1
2051,26,1
2051,38,1
2051,39,1
2051,40,1
2051,41,2
2051,42,1
2051,43,1
2051,45,2
2051,48,1
2051,53,1
2051,54,1
2051,56,2
2051,58,1
2051,60,3
2051,62,1
2051,65,1
2051,66,1
2051,67,2
2051,71,1
2051,75,3
2051,76,2
2051,78,1
2051,79,1
2051,95,1
2051,96,1
2051,97,1
2051,100,1
2051,130,1
2051,133,1
2051,139,1
2051,141,1
2051,144,1
2051,149,1
2051,157,3
2051,164,1
2051,166,1
2051,173,1
2051,178,3
2051,181,1
2051,182,3
2051,183,3
2051,186,1
2051,188,1
2051,190,2
2051,192,1
2051,209,1
2051,210,8
2051,211,1
2051,221,1
2051,232,2
2051,265,1
2051,274,1
2051,279,1
2051,287,1
2051,291,2
2051,296,1
2052,10,1
2052,12,2
2052,13,2
2052,14,1
2052,21,1
2052,23,2
2052,25,2
2052,37,1
2052,39,1
2052,42,2
2052,44,1
2052,46,2
2052,48,1
2052,53,1
2052,54,2
2052,56,1
2052,58,2
2052,60,3
2052,61,1
2052,65,1
2052,70,1
2052,78,2
2052,86,1
2052,91,2
2052,95,2
2052,100,4
2052,103,1
2052,120,1
2052,129,2
2052,130,1
2052,136,1
2052,139,4
2052,142,1
2052,143,1
2052,144,1
2052,148,2
2052,149,1
2052,155,1
2052,157,5
2052,166,1
2052,167,2
2052,173,1
2052,174,1
2052,178,2
2052,181,3
2052,182,1
2052,190,2
2052,191,1
2052,209,1
2052,210,11
2052,211,1
2052,220,1
2052,224,1
2052,266,2
2052,267,2
2052,269,2
2052,287,1
2053,10,1
2053,13,1
2053,21,1
2053,24,2
2053,37,1
2053,39,1
2053,42,3
2053,43,1
2053,44,1
2053,49,1
2053,50,1
2053,51,1
2053,54,2
2053,57,1
2053,59,3
2053,60,2
2053,62,1
2053,65,1
2053,67,1
2053,75,3
2053,79,1
2053,80,1
2053,82,2
2053,95,2
2053,96,1
2053,97,2
2053,100,3
2053,122,2
2053,130,6
2053,134,1
2053,137,1
2053,139,3
2053,141,1
2053,154,2
2053,157,1
2053,160,1
2053,166,2
2053,173,1
2053,174,2
2053,181,1
2053,182,1
2053,186,1
2053,190,5
2053,192,2
2053,209,4
2053,210,8
2053,211,1
2053,213,1
2053,215,1
2053,216,1
2053,264,1
2053,265,1
2053,266,1
2053,267,1
2053,269,1
2053,273,2
2053,274,1
2053,276,1
2053,279,1
2054,0,1
2054,9,2
2054,10,3
2054,12,2
2054,13,2
2054,14,1
2054,23,1
2054,25,1
2054,40,2
2054,42,3
2054,43,1
2054,45,1
2054,48,4
2054,58,2
2054,59,1
2054,60,3
2054,61,2
2054,62,1
2054,65,1
2054,75,1
2054,86,2
2054,91,1
2054,92,2
2054,97,2
2054,121,1
2054,124,2
2054,125,2
2054,130,2
2054,139,4
2054,142,1
2054,144,1
2054,152,1
2054,157,4
2054,160,2
2054,166,1
2054,167,3
2054,171,1
2054,173,1
2054,181,1
2054,183,1
2054,184,3
2054,190,3
2054,192,1
2054,202,1
2054,209,4
2054,210,7
2054,211,2
2054,221,1
2054,267,1
2054,269,2
2054,274,1
2054,280,1
2054,287,3
2055,9,1
2055,12,3
2055,16,1
2055,26,1
2055,28,1
2055,34,1
2055,37,2
2055,39,1
2055,42,4
2055,43,1
2055,47,2
2055,48,1
2055,50,1
2055,58,2
2055,59,2
2055,60,1
2055,61,1
2055,62,1
2055,65,1
2055,76,1
2055,79,2
2055,82,1
2055,86,2
2055,91,1
2055,92,1
2055,95,1
2055,100,2
2055,111,1
2055,115,1
2055,122,1
2055,130,2
2055,133,1
2055,134,1
2055,139,2
2055,141,2
2055,154,1
2055,157,3
2055,166,1
2055,167,1
2055,169,1
2055,174,1
2055,179,2
2055,181,1
2055,184,1
2055,186,4
2055,188,1
2055,190,2
2055,191,1
2055,192,3
2055,209,1
2055,210,10
2055,213,1
2055,221,1
2055,222,1
2055,231,1
2055,240,2
2055,241,1
2055,261,1
2055,269,1
2055,270,1
2055,274,2
2055,277,1
2055,287,1
2055,294,1
2055,295,1
2056,9,1
2056,10,1
2056,11,2
2056,12,6
2056,13,1
2056,14,1
2056,21,2
2056,23,1
2056,24,2
2056,26,1
2056,33,1
2056,35,1
2056,37,1
2056,39,1
2056,40,2
2056,42,1
2056,43,1
2056,45,1
2056,50,1
2056,58,3
2056,59,1
2056,60,1
2056,61,1
2056,65,1
2056,66,1
2056,67,1
2056,75,1
2056,76,2
2056,79,1
2056,91,1
2056,92,1
2056,95,2
2056,100,1
2056,120,1
2056,130,3
2056,134,2
2056,141,1
2056,142,1
2056,143,1
2056,149,2
2056,151,2
2056,155,1
2056,166,1
2056,167,2
2056,173,1
2056,174,1
2056,179,1
2056,181,1
2056,183,2
2056,186,2
2056,188,1
2056,190,5
2056,191,2
2056,210,11
2056,211,1
2056,225,1
2056,242,1
2056,262,1
2056,269,2
2056,274,1
2056,279,1
2056,282,1
2056,294,1
2057,11,1
2057,13,1
2057,14,1
2057,19,3
2057,21,1
2057,24,1
2057,35,1
2057,37,1
2057,38,2
2057,39,1
2057,40,2
2057,42,2
2057,43,1
2057,46,1
2057,49,1
2057,50,1
2057,59,1
2057,60,1
2057,61,1
2057,65,1
2057,69,1
2057,75,3
2057,78,2
2057,79,1
2057,86,1
2057,95,2
2057,96,1
2057,122,1
2057,130,4
2057,131,1
2057,139,2
2057,142,1
2057,147,1
2057,148,1
2057,149,2
2057,157,3
2057,162,1
2057,166,2
2057,167,2
2057,176,1
2057,179,1
2057,182,1
2057,183,1
2057,190,3
2057,192,1
2057,209,2
2057,210,16
2057,213,1
2057,219,1
2057,221,2
2057,225,1
2057,229,1
2057,231,1
2057,240,2
2057,266,1
2057,270,1
2057,279,1
2057,280,1
2057,281,1
2057,282,1
2057,286,1
2057,291,1
2058,9,3
2058,12,1
2058,13,1
2058,14,1
2058,15,1
2058,22,1
2058,23,1
2058,35,1
2058,40,1
2058,41,1
2058,44,1
2058,46,1
2058,47,1
2058,48,1
2058,49,2
2058,50,1
2058,52,1
2058,54,1
2058,56,1
2058,58,1
2058,60,1
2058,62,1
2058,65,2
2058,66,1
2058,68,2
2058,76,1
2058,78,1
2058,79,1
2058,86,1
2058,92,1
2058,95,2
2058,115,1
2058,120,1
2058,124,1
2058,125,1
2058,130,1
2058,139,2
2058,141,1
2058,152,1
2058,157,2
2058,166,2
2058,168,1
2058,169,1
2058,174,4
2058,179,1
2058,181,2
2058,186,1
2058,188,2
2058,190,2
2058,191,1
2058,209,2
2058,210,10
2058,211,4
2058,213,1
2058,217,1
2058,219,1
2058,222,1
2058,225,1
2058,236,1
2058,265,1
2058,266,1
2058,278,1
2058,279,4
2058,280,1
2058,282,2
2058,291,1
2058,293,1
2058,294,1
2059,9,3
2059,11,1
2059,12,1
2059,13,1
2059,15,2
2059,19,1
2059,23,1
2059,24,1
2059,26,1
2059,34,1
2059,35,1
2059,38,1
2059,39,1
2059,40,1
2059,43,2
2059,47,1
2059,48,1
2059,56,1
2059,59,2
2059,60,1
2059,62,2
2059,67,1
2059,75,1
2059,79,1
2059,85,3
2059,86,1
2059,90,1
2059,95,1
2059,100,1
2059,102,1
2059,122,2
2059,124,2
2059,130,1
2059,134,1
2059,139,3
2059,141,1
2059,144,1
2059,148,2
2059,152,1
2059,153,1
2059,157,5
2059,160,1
2059,167,1
2059,176,1
2059,178,2
2059,179,2
2059,180,1
2059,181,3
2059,182,1
2059,186,3
2059,188,1
2059,189,1
2059,191,1
2059,192,1
2059,206,2
2059,209,2
2059,210,10
2059,211,2
2059,213,1
2059,215,1
2059,240,1
2059,273,1
2059,274,1
2059,279,1
2059,283,1
2060,9,1
2060,12,2
2060,13,2
2060,14,1
2060,19,1
2060,23,1
2060,26,1
2060,33,1
2060,35,1
2060,38,2
2060,41,1
2060,43,1
2060,44,1
2060,45,1
2060,47,2
2060,48,1
2060,49,1
2060,50,2
2060,51,1
2060,54,3
2060,56,1
2060,58,3
2060,59,1
2060,60,3
2060,61,1
2060,62,1
2060,75,1
2060,78,1
2060,79,1
2060,82,1
2060,86,1
2060,91,1
2060,97,1
2060,114,1
2060,130,1
2060,134,1
2060,139,1
2060,141,2
2060,144,1
2060,155,1
2060,157,4
2060,161,1
2060,162,1
2060,166,1
2060,175,1
2060,178,2
2060,179,1
2060,181,1
2060,183,2
2060,190,2
2060,192,1
2060,209,2
2060,210,14
2060,211,1
2060,212,1
2060,221,1
2060,225,1
2060,240,1
2060,267,2
2060,269,1
2060,271,2
2060,278,1
2060,279,1
2060,287,2
2060,294,1
2061,9,1
2061,11,2
2061,12,4
2061,14,5
2061,15,1
2061,24,1
2061,35,1
2061,38,2
2061,39,1
2061,42,1
2061,50,2
2061,54,1
2061,58,1
2061,59,3
2061,60,1
2061,61,1
2061,68,1
2061,75,2
2061,76,1
2061,78,1
2061,79,1
2061,86,1
2061,88,1
2061,91,1
2061,97,2
2061,114,1
2061,120,1
2061,124,1
2061,129,1
2061,130,1
2061,136,1
2061,139,4
2061,143,1
2061,144,1
2061,148,2
2061,149,1
2061,151,3
2061,157,4
2061,164,1
2061,166,1
2061,167,2
2061,174,1
2061,178,1
2061,182,2
2061,183,1
2061,186,1
2061,188,1
2061,189,1
2061,190,3
2061,210,7
2061,217,1
2061,219,1
2061,222,1
2061,223,1
2061,229,1
2061,240,1
2061,265,1
2061,266,1
2061,267,1
2061,269,2
2061,272,1
2061,273,2
2061,274,1
2061,279,1
2061,291,1
2062,12,1
2062,14,2
2062,23,1
2062,24,1
2062,25,1
2062,26,1
2062,38,3
2062,42,2
2062,43,1
2062,47,2
2062,53,2
2062,56,1
2062,58,1
2062,59,2
2062,62,2
2062,65,1
2062,66,1
2062,71,1
2062,75,3
2062,79,1
2062,85,1
2062,90,1
2062,91,1
2062,92,1
2062,95,1
2062,97,1
2062,102,1
2062,124,1
2062,130,5
2062,131,1
2062,139,3
2062,142,1
2062,143,2
2062,144,1
2062,148,1
2062,151,2
2062,153,1
2062,154,2
2062,155,1
2062,157,1
2062,167,1
2062,179,1
2062,181,4
2062,182,1
2062,186,2
2062,188,1
2062,190,5
2062,209,1
2062,210,15
2062,211,1
2062,215,1
2062,240,1
2062,259,1
2062,267,1
2062,274,2
2062,286,1
2062,287,1
2062,296,1
2063,0,1
2063,10,1
2063,12,1
2063,14,1
2063,18,1
2063,37,1
2063,38,1
2063,42,5
2063,43,1
2063,47,1
2063,48,1
2063,49,1
2063,50,1
2063,52,1
2063,58,2
2063,59,1
2063,60,5
2063,65,1
2063,66,1
2063,67,1
2063,75,4
2063,86,1
2063,88,1
2063,92,3
2063,95,2
2063,122,1
2063,125,1
2063,130,1
2063,134,1
2063,137,1
2063,139,4
2063,142,2
2063,144,1
2063,148,2
2063,149,1
2063,151,1
2063,155,1
2063,157,3
2063,160,1
2063,164,1
2063,166,1
2063,167,1
2063,168,1
2063,173,2
2063,175,1
2063,176,1
2063,178,1
2063,181,2
2063,182,1
2063,183,1
2063,184,1
2063,186,1
2063,190,2
2063,192,1
2063,209,1
2063,210,9
2063,216,1
2063,220,1
2063,224,1
2063,225,1
2063,231,1
2063,232,1
2063,259,1
2063,267,1
2063,269,1
2063,279,1
2063,283,1
2064,9,1
2064,12,3
2064,13,2
2064,21,2
2064,23,1
2064,24,1
2064,26,4
2064,34,1
2064,35,1
2064,37,1
2064,38,1
2064,39,2
2064,40,1
2064,44,1
2064,45,1
2064,46,1
2064,49,1
2064,50,1
2064,57,1
2064,58,2
2064,59,2
2064,60,1
2064,65,2
2064,75,1
2064,79,1
2064,82,1
2064,92,1
2064,95,2
2064,97,3
2064,124,1
2064,130,1
2064,134,4
2064,137,2
2064,139,3
2064,141,1
2064,151,1
2064,157,2
2064,160,1
2064,166,1
2064,167,1
2064,174,2
2064,175,1
2064,178,3
2064,179,2
2064,184,1
2064,186,1
2064,188,1
2064,189,1
2064,190,3
2064,191,1
2064,192,1
2064,200,1
2064,209,2
2064,210,4
2064,211,2
2064,212,1
2064,225,1
2064,233,1
2064,241,1
2064,259,1
2064,260,1
2064,267,2
2064,274,1
2064,279,2
2064,282,1
2064,291,1
2065,10,2
2065,11,2
2065,14,1
2065,19,2
2065,24,2
2065,25,1
2065,26,1
2065,38,1
2065,39,1
2065,41,1
2065,42,1
2065,43,2
2065,47,1
2065,49,1
2065,52,1
2065,54,2
2065,56,1
2065,58,2
2065,59,1
2065,61,1
2065,62,1
2065,66,1
2065,69,1
2065,70,1
2065,75,2
2065,78,1
2065,91,1
2065,92,1
2065,95,4
2065,100,3
2065,121,1
2065,122,1
2065,124,1
2065,130,6
2065,134,1
2065,139,2
2065,141,1
2065,152,1
2065,154,1
2065,157,1
2065,166,1
2065,168,1
2065,173,2
2065,178,2
2065,182,1
2065,183,1
2065,184,1
2065,186,2
2065,188,1
2065,190,1
2065,202,1
2065,209,3
2065,210,5
2065,211,1
2065,213,2
2065,219,1
2065,223,1
2065,240,1
2065,261,1
2065,267,1
2065,273,1
2065,274,1
2065,276,2
2065,277,1
2065,278,1
2065,279,1
2065,287,3
2065,289,1
2066,0,1
2066,10,1
2066,15,1
2066,23,1
2066,24,1
2066,26,2
2066,37,1
2066,39,1
2066,40,1
2066,42,1
2066,45,2
2066,49,5
2066,50,2
2066,54,1
2066,59,2
2066,60,1
2066,68,1
2066,75,2
2066,78,1
2066,79,1
2066,86,1
2066,92,1
2066,95,1
2066,97,1
2066,108,1
2066,122,2
2066,125,2
2066,130,4
2066,139,3
2066,148,1
2066,149,1
2066,153,1
2066,157,3
2066,160,1
2066,166,2
2066,167,1
2066,176,2
2066,178,1
2066,180,1
2066,181,4
2066,182,2
2066,186,3
2066,188,2
2066,190,1
2066,192,2
2066,209,1
2066,210,12
2066,215,1
2066,219,1
2066,225,2
2066,229,2
2066,236,1
2066,240,2
2066,261,1
2066,265,1
2066,273,1
2066,276,1
2066,292,1
2067,0,1
2067,9,1
2067,10,1
2067,11,1
2067,13,3
2067,14,1
2067,15,3
2067,19,1
2067,21,2
2067,23,1
2067,24,1
2067,41,1
2067,42,1
2067,44,1
2067,48,1
2067,50,1
2067,54,2
2067,57,1
2067,58,1
2067,59,2
2067,60,1
2067,68,1
2067,76,1
2067,79,1
2067,83,1
2067,85,1
2067,91,1
2067,92,1
2067,95,2
2067,96,1
2067,100,3
2067,115,2
2067,121,1
2067,124,2
2067,130,1
2067,134,1
2067,139,1
2067,142,1
2067,144,1
2067,151,1
2067,154,1
2067,155,1
2067,157,5
2067,160,1
2067,166,3
2067,167,2
2067,174,1
2067,181,4
2067,183,2
2067,188,1
2067,192,2
2067,209,4
2067,210,9
2067,225,1
2067,230,1
2067,236,1
2067,262,1
2067,265,1
2067,267,2
2067,274,2
2067,282,1
2067,295,1
2067,296,1
2068,11,2
2068,12,1
2068,13,1
2068,15,1
2068,17,1
2068,19,2
2068,23,1
2068,26,1
2068,38,1
2068,42,4
2068,44,2
2068,45,1
2068,47,2
2068,49,2
2068,52,1
2068,54,1
2068,56,1
2068,58,2
2068,59,1
2068,60,2
2068,75,2
2068,76,2
2068,79,2
2068,81,1
2068,82,1
2068,92,1
2068,97,1
2068,115,1
2068,125,1
2068,129,1
2068,131,1
2068,138,2
2068,139,5
2068,141,2
2068,151,1
2068,152,1
2068,166,3
2068,174,3
2068,179,1
2068,181,1
2068,183,2
2068,184,2
2068,186,2
2068,190,5
2068,191,1
2068,209,2
2068,210,10
2068,213,1
2068,229,3
2068,230,1
2068,231,1
2068,240,1
2068,242,1
2068,264,2
2068,274,1
2068,280,1
2068,284,1
2069,9,1
2069,10,1
2069,12,1
2069,15,1
2069,17,1
2069,18,1
2069,19,5
2069,26,1
2069,34,1
2069,39,2
2069,40,1
2069,41,1
2069,42,2
2069,48,1
2069,52,1
2069,54,1
2069,58,2
2069,59,1
2069,60,3
2069,61,2
2069,62,1
2069,66,1
2069,71,1
2069,75,1
2069,76,2
2069,78,1
2069,79,2
2069,86,1
2069,92,1
2069,124,1
2069,129,1
2069,133,1
2069,139,3
2069,151,2
2069,157,4
2069,162,1
2069,166,2
2069,167,1
2069,173,1
2069,174,1
2069,179,1
2069,181,3
2069,183,1
2069,186,4
2069,190,4
2069,202,2
2069,205,1
2069,209,4
2069,210,11
2069,211,1
2069,212,1
2069,219,1
2069,229,1
2069,231,1
2069,240,1
2069,274,2
2069,280,1
2069,295,1
2070,9,2
2070,12,2
2070,13,1
2070,28,1
2070,34,1
2070,35,2
2070,38,1
2070,39,1
2070,43,2
2070,44,1
2070,47,2
2070,48,1
2070,50,1
2070,57,1
2070,58,1
2070,59,3
2070,60,2
2070,70,1
2070,75,3
2070,76,1
2070,79,1
2070,88,1
2070,95,2
2070,96,1
2070,97,1
2070,122,1
2070,129,2
2070,130,4
2070,131,1
2070,137,1
2070,139,4
2070,142,2
2070,149,1
2070,151,1
2070,154,2
2070,162,1
2070,166,1
2070,169,2
2070,174,2
2070,179,2
2070,181,1
2070,182,1
2070,183,1
2070,186,2
2070,188,2
2070,189,1
2070,190,5
2070,209,5
2070,210,8
2070,224,2
2070,231,1
2070,265,1
2070,267,1
2070,269,1
2070,270,1
2070,273,1
2070,276,1
2070,279,1
2070,281,1
2071,11,3
2071,12,1
2071,13,2
2071,14,2
2071,15,1
2071,18,1
2071,19,1
2071,21,1
2071,25,1
2071,26,1
2071,35,2
2071,38,2
2071,39,2
2071,40,1
2071,41,1
2071,42,2
2071,45,1
2071,46,1
2071,48,1
2071,53,1
2071,54,3
2071,58,4
2071,60,2
2071,65,2
2071,67,1
2071,71,1
2071,76,2
2071,86,1
2071,91,2
2071,92,1
2071,120,1
2071,124,1
2071,130,1
2071,134,3
2071,139,2
2071,141,1
2071,144,2
2071,149,1
2071,152,1
2071,155,2
2071,160,1
2071,162,1
2071,164,1
2071,179,1
2071,181,1
2071,182,1
2071,183,1
2071,188,1
2071,189,1
2071,190,4
2071,191,2
2071,209,4
2071,210,6
2071,213,1
2071,221,1
2071,223,1
2071,225,1
2071,261,1
2071,265,1
2071,266,1
2071,269,2
2071,274,1
2071,280,1
2071,281,1
2071,291,1
2072,9,2
2072,10,1
2072,12,3
2072,13,1
2072,14,2
2072,15,1
2072,20,1
2072,23,1
2072,24,1
2072,26,1
2072,35,1
2072,37,1
2072,40,1
2072,47,1
2072,48,3
2072,50,1
2072,56,1
2072,58,1
2072,59,3
2072,60,2
2072,62,3
2072,75,6
2072,78,1
2072,79,1
2072,95,2
2072,97,1
2072,100,3
2072,110,1
2072,122,2
2072,124,1
2072,130,3
2072,134,1
2072,137,1
2072,139,2
2072,141,1
2072,149,1
2072,154,1
2072,157,4
2072,166,1
2072,167,2
2072,168,1
2072,174,1
2072,178,1
2072,183,2
2072,186,1
2072,190,2
2072,191,1
2072,192,1
2072,201,1
2072,210,6
2072,212,2
2072,217,1
2072,224,1
2072,231,1
2072,240,1
2072,260,1
2072,265,1
2072,267,1
2072,269,1
2072,274,1
2072,276,1
2072,287,1
2072,291,1
2072,296,2
2073,0,1
2073,10,1
2073,11,1
2073,12,1
2073,14,4
2073,35,2
2073,38,1
2073,41,1
2073,42,3
2073,44,1
2073,47,2
2073,49,2
2073,57,1
2073,58,3
2073,62,2
2073,71,1
2073,75,2
2073,76,1
2073,79,1
2073,86,1
2073,87,1
2073,88,1
2073,92,1
2073,96,3
2073,100,1
2073,115,1
2073,118,1
2073,124,1
2073,130,2
2073,134,1
2073,139,1
2073,141,1
2073,144,2
2073,147,1
2073,148,1
2073,157,3
2073,160,1
2073,166,2
2073,167,1
2073,168,1
2073,174,2
2073,179,1
2073,180,1
2073,181,1
2073,186,1
2073,188,1
2073,189,1
2073,190,2
2073,192,2
2073,205,1
2073,209,1
2073,210,13
2073,211,3
2073,213,1
2073,220,1
2073,225,2
2073,265,1
2073,269,2
2073,274,1
2073,280,1
2073,291,1
2073,296,1
2074,10,1
2074,11,1
2074,13,1
2074,15,1
2074,19,1
2074,21,2
2074,23,1
2074,24,1
2074,25,1
2074,35,1
2074,38,1
2074,39,1
2074,41,2
2074,42,1
2074,43,2
2074,44,2
2074,46,1
2074,49,1
2074,50,1
2074,52,1
2074,54,1
2074,56,1
2074,57,1
2074,58,1
2074,61,1
2074,62,1
2074,75,1
2074,76,2
2074,77,1
2074,78,1
2074,86,1
2074,95,2
2074,97,2
2074,100,2
2074,114,1
2074,122,1
2074,130,1
2074,134,1
2074,137,1
2074,139,1
2074,143,1
2074,144,1
2074,149,2
2074,155,1
2074,157,3
2074,166,1
2074,174,1
2074,178,1
2074,181,2
2074,186,1
2074,190,8
2074,191,3
2074,192,1
2074,205,1
2074,209,2
2074,210,10
2074,211,1
2074,216,1
2074,219,1
2074,240,3
2074,259,2
2074,265,1
2074,278,2
2074,291,1
2074,297,1
2075,9,2
2075,11,1
2075,12,1
2075,17,1
2075,19,3
2075,23,1
2075,24,2
2075,25,1
2075,37,1
2075,39,2
2075,42,1
2075,43,1
2075,46,1
2075,47,1
2075,49,1
2075,50,3
2075,56,1
2075,58,1
2075,60,2
2075,62,2
2075,65,1
2075,76,2
2075,79,1
2075,81,1
2075,85,1
2075,86,1
2075,91,1
2075,94,1
2075,100,3
2075,108,1
2075,115,2
2075,122,1
2075,139,5
2075,142,2
2075,147,3
2075,149,2
2075,151,1
2075,152,3
2075,157,1
2075,161,1
2075,167,2
2075,168,1
2075,176,2
2075,181,1
2075,186,2
2075,190,1
2075,192,1
2075,200,1
2075,209,3
2075,210,13
2075,217,1
2075,222,1
2075,225,1
2075,240,1
2075,242,1
2075,269,1
2075,281,1
2075,282,1
2075,287,1
2075,297,1
2076,9,2
2076,10,1
2076,12,1
2076,19,2
2076,21,1
2076,23,1
2076,24,1
2076,38,1
2076,39,1
2076,40,1
2076,42,3
2076,51,1
2076,54,2
2076,56,1
2076,58,2
2076,59,1
2076,67,1
2076,69,1
2076,70,1
2076,75,1
2076,85,1
2076,91,3
2076,96,1
2076,97,1
2076,100,1
2076,115,1
2076,124,1
2076,130,3
2076,133,1
2076,139,3
2076,151,1
2076,153,1
2076,154,2
2076,157,4
2076,160,1
2076,166,2
2076,167,2
2076,173,3
2076,174,2
2076,175,1
2076,176,1
2076,177,1
2076,181,1
2076,183,1
2076,184,1
2076,186,1
2076,187,1
2076,188,1
2076,190,5
2076,209,2
2076,210,8
2076,211,2
2076,219,1
2076,223,1
2076,260,1
2076,265,1
2076,266,1
2076,274,1
2076,277,1
2076,279,2
2076,282,2
2076,287,1
2076,294,1
2076,296,1
2077,0,1
2077,9,1
2077,12,3
2077,13,1
2077,19,3
2077,20,1
2077,21,1
2077,24,2
2077,26,1
2077,28,1
2077,37,1
2077,38,1
2077,47,1
2077,48,3
2077,49,1
2077,50,1
2077,54,2
2077,56,2
2077,58,2
2077,59,4
2077,60,3
2077,61,1
2077,68,1
2077,75,2
2077,83,1
2077,95,3
2077,100,2
2077,102,1
2077,130,3
2077,134,1
2077,139,2
2077,141,2
2077,153,1
2077,155,1
2077,157,4
2077,166,1
2077,167,2
2077,171,2
2077,174,1
2077,181,1
2077,182,1
2077,183,2
2077,184,1
2077,186,2
2077,189,1
2077,191,1
2077,209,5
2077,210,12
2077,211,1
2077,215,1
2077,217,1
2077,230,1
2077,240,1
2077,269,1
2077,294,1
2078,11,3
2078,12,1
2078,13,1
2078,15,1
2078,19,1
2078,22,1
2078,23,1
2078,25,1
2078,34,1
2078,38,2
2078,41,3
2078,42,1
2078,43,1
2078,48,2
2078,58,3
2078,59,1
2078,60,2
2078,61,2
2078,62,1
2078,69,1
2078,75,1
2078,76,1
2078,78,2
2078,79,1
2078,85,2
2078,88,1
2078,92,1
2078,95,1
2078,97,1
2078,100,1
2078,136,1
2078,139,5
2078,141,1
2078,149,1
2078,154,2
2078,157,2
2078,162,1
2078,166,2
2078,167,1
2078,180,1
2078,181,2
2078,184,1
2078,188,1
2078,190,2
2078,191,2
2078,208,1
2078,209,3
2078,210,8
2078,211,2
2078,215,1
2078,217,1
2078,219,2
2078,221,1
2078,223,1
2078,229,1
2078,230,1
2078,240,2
2078,242,2
2078,267,1
2078,278,2
2078,279,1
2078,291,1
2078,294,1
2078,296,1
2079,0,1
2079,9,1
2079,10,1
2079,11,1
2079,12,2
2079,13,2
2079,14,1
2079,17,1
2079,18,1
2079,24,1
2079,35,1
2079,38,2
2079,40,1
2079,42,1
2079,50,2
2079,52,1
2079,54,2
2079,56,1
2079,58,2
2079,59,3
2079,60,1
2079,62,3
2079,75,3
2079,90,1
2079,92,1
2079,94,1
2079,97,1
2079,100,1
2079,103,1
2079,115,2
2079,124,1
2079,125,2
2079,130,4
2079,134,1
2079,139,4
2079,141,1
2079,147,1
2079,148,1
2079,152,1
2079,166,1
2079,167,1
2079,168,1
2079,173,1
2079,176,1
2079,178,2
2079,179,1
2079,182,1
2079,186,1
2079,188,1
2079,190,2
2079,191,2
2079,210,9
2079,212,1
2079,217,1
2079,221,1
2079,229,1
2079,230,1
2079,240,1
2079,242,1
2079,264,1
2079,265,3
2079,277,1
2079,284,1
2079,286,1
2079,291,1
2079,293,1
2079,294,1
2080,11,1
2080,13,1
2080,15,1
2080,19,1
2080,24,1
2080,34,1
2080,37,2
2080,38,2
2080,41,1
2080,42,2
2080,47,1
2080,54,3
2080,56,1
2080,57,1
2080,58,2
2080,61,1
2080,62,2
2080,69,1
2080,75,1
2080,76,2
2080,78,1
2080,79,1
2080,86,1
2080,91,1
2080,92,1
2080,95,2
2080,115,2
2080,124,1
2080,125,1
2080,130,2
2080,133,1
2080,134,1
2080,137,1
2080,139,3
2080,141,1
2080,142,1
2080,155,1
2080,157,4
2080,166,2
2080,167,1
2080,168,1
2080,173,2
2080,176,1
2080,177,2
2080,178,1
2080,181,3
2080,182,1
2080,186,1
2080,190,3
2080,192,1
2080,204,1
2080,208,1
2080,209,1
2080,210,8
2080,211,1
2080,219,1
2080,221,2
2080,224,1
2080,242,1
2080,253,1
2080,265,2
2080,269,2
2080,273,2
2080,274,1
2080,276,1
2080,294,1
2081,9,1
2081,12,2
2081,14,1
2081,24,1
2081,25,1
2081,26,2
2081,37,1
2081,40,1
2081,42,5
2081,45,2
2081,46,1
2081,47,1
2081,48,1
2081,49,1
2081,51,1
2081,52,1
2081,54,1
2081,58,1
2081,59,1
2081,60,1
2081,62,1
2081,65,1
2081,69,1
2081,71,1
2081,75,2
2081,78,2
2081,79,1
2081,86,1
2081,91,1
2081,92,1
2081,95,1
2081,100,1
2081,103,1
2081,114,1
2081,115,1
2081,121,1
2081,124,1
2081,131,1
2081,137,1
2081,139,5
2081,141,2
2081,149,1
2081,151,1
2081,152,1
2081,157,2
2081,166,3
2081,174,1
2081,189,1
2081,190,2
2081,206,1
2081,209,2
2081,210,11
2081,211,1
2081,221,1
2081,229,1
2081,231,2
2081,242,1
2081,260,1
2081,264,1
2081,265,2
2081,278,2
2081,279,2
2081,287,2
2081,289,1
2081,290,1
2081,294,1
2082,0,1
2082,9,4
2082,11,2
2082,14,1
2082,23,1
2082,24,1
2082,35,1
2082,38,1
2082,41,1
2082,42,1
2082,43,3
2082,45,1
2082,46,1
2082,48,1
2082,49,2
2082,50,1
2082,54,1
2082,56,1
2082,57,1
2082,58,1
2082,59,2
2082,60,1
2082,61,2
2082,66,1
2082,67,2
2082,76,1
2082,79,2
2082,92,2
2082,95,3
2082,96,1
2082,103,1
2082,110,1
2082,115,1
2082,125,1
2082,129,1
2082,130,2
2082,139,3
2082,141,1
2082,142,1
2082,147,1
2082,149,1
2082,154,2
2082,157,1
2082,164,1
2082,166,1
2082,173,1
2082,174,4
2082,179,1
2082,180,1
2082,181,2
2082,182,1
2082,186,2
2082,188,1
2082,189,1
2082,190,2
2082,191,4
2082,209,3
2082,210,8
2082,216,1
2082,221,1
2082,229,1
2082,265,1
2082,266,1
2082,267,1
2083,10,1
2083,11,1
2083,19,1
2083,26,1
2083,37,1
2083,39,1
2083,40,2
2083,43,2
2083,45,1
2083,46,1
2083,48,2
2083,50,1
2083,52,2
2083,54,1
2083,58,2
2083,59,1
2083,60,3
2083,61,1
2083,68,1
2083,71,1
2083,75,3
2083,78,1
2083,85,1
2083,91,1
2083,92,1
2083,95,3
2083,97,3
2083,130,6
2083,139,1
2083,141,1
2083,143,1
2083,148,1
2083,151,2
2083,153,1
2083,155,1
2083,157,1
2083,160,3
2083,166,2
2083,174,2
2083,181,2
2083,183,1
2083,189,1
2083,190,7
2083,191,1
2083,192,2
2083,209,2
2083,210,9
2083,211,1
2083,213,1
2083,224,1
2083,225,1
2083,265,1
2083,266,2
2083,269,1
2083,278,1
2083,279,1
2083,287,1
2083,291,1
2083,293,1
2084,9,2
2084,10,1
2084,13,1
2084,15,2
2084,21,1
2084,24,1
2084,26,1
2084,38,2
2084,40,1
2084,41,1
2084,42,3
2084,48,1
2084,49,2
2084,50,1
2084,54,2
2084,58,1
2084,59,2
2084,60,1
2084,65,1
2084,68,1
2084,69,1
2084,75,3
2084,76,2
2084,78,1
2084,79,1
2084,85,2
2084,97,1
2084,102,1
2084,130,1
2084,133,1
2084,137,1
2084,139,2
2084,147,1
2084,148,1
2084,149,1
2084,151,1
2084,157,2
2084,160,2
2084,167,2
2084,171,1
2084,174,5
2084,176,1
2084,177,1
2084,178,1
2084,181,2
2084,188,2
2084,190,2
2084,191,1
2084,200,1
2084,209,6
2084,210,9
2084,211,1
2084,224,1
2084,237,1
2084,240,1
2084,264,1
2084,265,1
2084,276,2
2084,280,1
2084,289,1
2084,291,1
2084,293,1
2084,296,1
2085,10,2
2085,11,2
2085,12,2
2085,13,3
2085,15,1
2085,19,2
2085,23,1
2085,24,2
2085,25,2
2085,26,1
2085,37,1
2085,38,2
2085,39,1
2085,41,1
2085,42,2
2085,44,1
2085,47,1
2085,48,2
2085,49,2
2085,50,3
2085,54,1
2085,58,4
2085,59,2
2085,60,2
2085,62,2
2085,65,2
2085,68,1
2085,70,1
2085,76,1
2085,91,1
2085,92,1
2085,95,1
2085,97,3
2085,107,1
2085,130,4
2085,139,3
2085,152,1
2085,155,1
2085,157,1
2085,166,1
2085,174,1
2085,175,1
2085,181,2
2085,186,1
2085,190,4
2085,192,1
2085,209,2
2085,210,12
2085,211,1
2085,213,1
2085,225,1
2085,235,1
2085,274,1
2085,278,1
2085,287,1
2085,291,1
2086,9,2
2086,11,2
2086,12,1
2086,19,1
2086,21,1
2086,24,1
2086,26,1
2086,35,1
2086,37,1
2086,40,1
2086,41,2
2086,44,1
2086,45,1
2086,48,1
2086,49,3
2086,50,2
2086,58,2
2086,60,2
2086,62,1
2086,68,1
2086,75,1
2086,76,2
2086,85,1
2086,96,1
2086,103,1
2086,122,1
2086,125,1
2086,130,4
2086,131,1
2086,139,1
2086,143,1
2086,144,1
2086,148,1
2086,149,1
2086,151,1
2086,153,1
2086,157,3
2086,166,2
2086,176,1
2086,177,1
2086,178,1
2086,181,2
2086,182,1
2086,186,1
2086,188,1
2086,189,1
2086,190,3
2086,191,1
2086,209,4
2086,210,17
2086,212,1
2086,221,1
2086,242,2
2086,262,1
2086,264,1
2086,265,1
2086,269,1
2086,271,1
2086,293,2
2086,294,1
2086,296,1
2087,0,1
2087,10,1
2087,12,1
2087,13,1
2087,15,2
2087,24,1
2087,26,2
2087,35,1
2087,38,1
2087,39,1
2087,42,1
2087,48,1
2087,49,1
2087,50,2
2087,52,1
2087,53,1
2087,56,1
2087,58,1
2087,59,1
2087,60,1
2087,61,1
2087,62,3
2087,70,1
2087,71,1
2087,75,2
2087,76,1
2087,82,1
2087,84,1
2087,86,1
2087,95,1
2087,96,1
2087,97,2
2087,103,1
2087,130,1
2087,136,1
2087,139,4
2087,143,1
2087,144,2
2087,151,2
2087,152,1
2087,157,3
2087,160,1
2087,161,1
2087,166,2
2087,168,1
2087,173,1
2087,174,1
2087,178,1
2087,179,1
2087,180,2
2087,181,3
2087,182,1
2087,183,1
2087,188,1
2087,190,3
2087,191,1
2087,192,1
2087,208,1
2087,209,1
2087,210,11
2087,223,1
2087,237,1
2087,242,1
2087,265,2
2087,267,1
2087,274,1
2087,279,1
2087,282,1
2087,293,1
2088,9,1
2088,11,1
2088,13,2
2088,24,1
2088,34,1
2088,39,1
2088,41,1
2088,42,1
2088,46,1
2088,47,2
2088,48,1
2088,50,1
2088,56,1
2088,58,2
2088,59,1
2088,60,1
2088,62,2
2088,75,3
2088,79,1
2088,86,1
2088,92,1
2088,95,1
2088,96,1
2088,100,1
2088,102,1
2088,122,1
2088,125,1
2088,134,1
2088,139,7
2088,143,1
2088,146,1
2088,148,1
2088,155,2
2088,157,4
2088,160,1
2088,166,3
2088,167,1
2088,168,1
2088,174,1
2088,175,1
2088,179,1
2088,180,1
2088,181,3
2088,183,1
2088,184,1
2088,186,1
2088,188,2
2088,189,1
2088,190,3
2088,192,1
2088,201,1
2088,204,1
2088,209,3
2088,210,11
2088,211,1
2088,212,1
2088,213,1
2088,215,1
2088,221,1
2088,222,1
2088,264,1
2088,274,1
2088,276,1
2088,277,1
2088,279,1
2089,9,1
2089,12,2
2089,13,1
2089,18,1
2089,25,1
2089,34,1
2089,39,2
2089,42,3
2089,44,1
2089,47,1
2089,48,2
2089,53,1
2089,59,3
2089,60,2
2089,62,1
2089,75,4
2089,78,1
2089,86,1
2089,91,1
2089,92,1
2089,95,1
2089,100,1
2089,108,1
2089,114,1
2089,130,2
2089,134,1
2089,136,1
2089,139,2
2089,149,4
2089,157,4
2089,160,2
2089,166,2
2089,167,2
2089,173,2
2089,181,2
2089,182,1
2089,183,1
2089,184,1
2089,186,1
2089,188,1
2089,190,4
2089,191,3
2089,202,1
2089,209,1
2089,210,12
2089,213,2
2089,217,1
2089,225,1
2089,231,1
2089,232,1
2089,236,1
2089,240,1
2089,265,1
2089,267,1
2089,273,1
2089,274,1
2089,278,1
2089,293,1
2089,294,1
2090,10,1
2090,11,1
2090,13,1
2090,14,1
2090,18,2
2090,19,1
2090,21,1
2090,24,2
2090,35,1
2090,37,1
2090,38,1
2090,40,2
2090,42,3
2090,43,1
2090,49,1
2090,50,1
2090,51,1
2090,53,1
2090,57,1
2090,58,1
2090,59,1
2090,65,2
2090,75,2
2090,76,1
2090,78,1
2090,79,1
2090,86,2
2090,91,1
2090,92,3
2090,95,2
2090,97,1
2090,100,1
2090,125,1
2090,130,1
2090,135,1
2090,139,1
2090,142,1
2090,143,1
2090,144,1
2090,149,1
2090,150,1
2090,152,1
2090,153,1
2090,154,1
2090,160,1
2090,166,2
2090,169,1
2090,173,2
2090,174,1
2090,177,1
2090,178,3
2090,181,2
2090,190,6
2090,192,2
2090,205,1
2090,209,3
2090,210,11
2090,240,1
2090,259,1
2090,265,1
2090,267,1
2090,274,1
2090,282,1
2090,287,2
2090,294,1
2091,9,2
2091,11,1
2091,12,1
2091,13,1
2091,15,1
2091,21,1
2091,23,1
2091,25,1
2091,26,2
2091,37,1
2091,38,1
2091,39,1
2091,42,2
2091,45,1
2091,49,2
2091,50,1
2091,53,1
2091,58,1
2091,60,2
2091,65,1
2091,67,1
2091,75,3
2091,78,2
2091,79,1
2091,84,1
2091,86,1
2091,95,1
2091,96,1
2091,97,1
2091,100,1
2091,115,1
2091,125,1
2091,130,5
2091,134,1
2091,139,4
2091,141,2
2091,142,1
2091,143,1
2091,148,2
2091,149,2
2091,151,1
2091,152,1
2091,154,1
2091,155,1
2091,157,1
2091,160,2
2091,174,1
2091,179,1
2091,181,1
2091,186,4
2091,190,2
2091,192,1
2091,208,1
2091,209,2
2091,210,10
2091,211,1
2091,213,1
2091,222,1
2091,232,1
2091,242,1
2091,262,2
2091,274,1
2091,277,1
2091,280,1
2091,282,1
2091,287,1
2092,0,1
2092,9,2
2092,11,1
2092,12,2
2092,13,1
2092,14,2
2092,15,1
2092,19,2
2092,21,1
2092,24,1
2092,25,1
2092,38,2
2092,42,1
2092,43,1
2092,48,1
2092,49,2
2092,53,1
2092,58,2
2092,59,2
2092,60,3
2092,69,1
2092,75,1
2092,92,3
2092,96,1
2092,97,3
2092,100,1
2092,111,1
2092,114,1
2092,122,1
2092,130,2
2092,139,1
2092,141,2
2092,142,1
2092,148,1
2092,149,1
2092,157,3
2092,178,3
2092,179,1
2092,181,1
2092,184,1
2092,186,2
2092,188,1
2092,189,1
2092,190,4
2092,192,2
2092,209,4
2092,210,19
2092,213,1
2092,259,1
2092,265,1
2092,273,1
2092,274,1
2092,278,2
2093,0,1
2093,9,1
2093,10,1
2093,14,2
2093,15,1
2093,18,1
2093,24,2
2093,25,2
2093,35,1
2093,38,1
2093,40,1
2093,42,2
2093,45,1
2093,48,1
2093,50,2
2093,54,2
2093,59,2
2093,60,1
2093,62,2
2093,65,1
2093,70,1
2093,75,1
2093,78,1
2093,86,1
2093,91,1
2093,92,1
2093,95,1
2093,96,2
2093,97,3
2093,121,1
2093,122,2
2093,124,1
2093,130,2
2093,134,1
2093,137,1
2093,139,3
2093,148,1
2093,149,2
2093,151,1
2093,155,1
2093,157,4
2093,167,3
2093,170,1
2093,174,2
2093,178,1
2093,181,1
2093,182,2
2093,186,1
2093,188,1
2093,189,1
2093,190,2
2093,191,1
2093,209,2
2093,210,11
2093,225,1
2093,230,1
2093,238,1
2093,253,1
2093,264,1
2093,266,1
2093,267,1
2093,274,1
2093,280,2
2093,294,1
2094,11,1
2094,15,1
2094,19,2
2094,21,1
2094,23,2
2094,37,1
2094,39,3
2094,44,1
2094,45,2
2094,48,1
2094,49,2
2094,50,1
2094,60,1
2094,65,1
2094,75,1
2094,76,1
2094,78,1
2094,91,1
2094,92,1
2094,95,1
2094,100,2
2094,102,1
2094,114,1
2094,121,1
2094,124,2
2094,125,1
2094,130,4
2094,132,1
2094,133,1
2094,134,1
2094,142,1
2094,144,1
2094,149,3
2094,151,1
2094,152,1
2094,154,1
2094,157,2
2094,166,3
2094,167,1
2094,174,2
2094,178,2
2094,179,1
2094,182,2
2094,186,1
2094,188,1
2094,190,1
2094,204,1
2094,209,4
2094,210,12
2094,211,1
2094,216,1
2094,221,2
2094,223,1
2094,224,1
2094,225,1
2094,229,1
2094,232,1
2094,240,3
2094,259,1
2094,266,1
2094,269,1
2094,274,1
2094,287,1
2094,295,1
2095,9,3
2095,11,2
2095,12,3
2095,13,1
2095,14,1
2095,15,2
2095,19,1
2095,23,1
2095,38,1
2095,40,2
2095,41,1
2095,42,2
2095,43,1
2095,45,1
2095,48,1
2095,50,1
2095,54,3
2095,58,1
2095,65,1
2095,70,1
2095,75,3
2095,76,1
2095,79,2
2095,82,1
2095,84,1
2095,86,1
2095,95,1
2095,100,1
2095,103,1
2095,109,1
2095,120,1
2095,122,1
2095,129,2
2095,133,1
2095,134,1
2095,136,1
2095,146,1
2095,152,2
2095,157,1
2095,164,1
2095,166,3
2095,168,1
2095,169,1
2095,179,1
2095,181,3
2095,186,2
2095,188,3
2095,190,3
2095,191,1
2095,192,1
2095,209,2
2095,210,10
2095,212,1
2095,213,1
2095,215,1
2095,231,1
2095,242,2
2095,273,1
2095,278,2
2095,282,1
2095,287,2
2095,291,1
2095,295,1
2096,0,1
2096,9,1
2096,13,1
2096,15,1
2096,19,2
2096,24,1
2096,25,1
2096,26,3
2096,37,1
2096,38,3
2096,39,1
2096,40,1
2096,42,2
2096,43,1
2096,48,1
2096,50,1
2096,58,1
2096,59,3
2096,60,2
2096,67,1
2096,75,3
2096,76,1
2096,78,2
2096,86,1
2096,92,1
2096,94,1
2096,97,1
2096,100,2
2096,111,1
2096,125,1
2096,130,2
2096,136,1
2096,139,2
2096,141,1
2096,142,1
2096,144,1
2096,148,1
2096,149,1
2096,153,1
2096,154,1
2096,155,1
2096,157,5
2096,167,1
2096,173,1
2096,177,1
2096,181,2
2096,182,1
2096,183,1
2096,186,1
2096,189,1
2096,190,1
2096,191,2
2096,209,1
2096,210,9
2096,215,1
2096,219,1
2096,221,1
2096,225,1
2096,237,1
2096,266,2
2096,276,1
2096,278,1
2096,279,2
2096,282,1
2096,287,1
2096,289,1
2096,293,1
2096,294,2
2097,9,2
2097,11,1
2097,12,1
2097,14,2
2097,15,1
2097,28,2
2097,34,3
2097,38,1
2097,39,3
2097,40,1
2097,41,1
2097,42,2
2097,43,2
2097,47,1
2097,48,2
2097,49,1
2097,52,1
2097,54,1
2097,57,1
2097,58,4
2097,59,1
2097,60,1
2097,61,1
2097,62,1
2097,67,1
2097,75,1
2097,76,1
2097,78,2
2097,79,1
2097,85,1
2097,97,2
2097,100,1
2097,125,1
2097,130,1
2097,136,1
2097,139,2
2097,141,2
2097,142,1
2097,148,1
2097,153,1
2097,157,2
2097,166,1
2097,174,1
2097,179,3
2097,186,1
2097,188,2
2097,189,1
2097,190,3
2097,191,1
2097,209,1
2097,210,14
2097,211,1
2097,221,1
2097,231,3
2097,259,1
2097,266,3
2097,274,1
2097,287,2
2097,295,1
2098,10,1
2098,12,1
2098,13,2
2098,19,1
2098,24,2
2098,28,1
2098,39,1
2098,42,3
2098,45,1
2098,46,1
2098,47,1
2098,48,1
2098,49,1
2098,50,2
2098,58,2
2098,59,1
2098,60,1
2098,61,1
2098,65,2
2098,67,1
2098,75,2
2098,76,1
2098,79,1
2098,86,1
2098,91,1
2098,100,1
2098,114,1
2098,124,1
2098,130,2
2098,139,4
2098,141,1
2098,144,1
2098,147,1
2098,148,1
2098,149,2
2098,152,1
2098,155,1
2098,157,2
2098,167,1
2098,173,2
2098,178,1
2098,188,2
2098,190,7
2098,192,1
2098,200,1
2098,209,2
2098,210,14
2098,211,2
2098,213,3
2098,221,1
2098,232,1
2098,242,1
2098,265,1
2098,269,1
2098,272,1
2098,273,1
2098,278,1
2098,282,1
2098,287,1
2098,291,1
2098,293,1
2099,0,1
2099,9,3
2099,11,1
2099,12,2
2099,23,1
2099,24,1
2099,35,1
2099,40,1
2099,41,1
2099,42,3
2099,45,1
2099,46,1
2099,47,1
2099,48,1
2099,50,1
2099,56,1
2099,58,5
2099,59,2
2099,60,2
2099,65,1
2099,66,1
2099,67,1
2099,75,1
2099,78,1
2099,86,1
2099,91,1
2099,92,1
2099,95,3
2099,100,4
2099,110,1
2099,124,1
2099,129,1
2099,130,1
2099,136,1
2099,139,3
2099,140,1
2099,142,1
2099,148,2
2099,149,2
2099,151,1
2099,153,1
2099,155,1
2099,157,2
2099,166,1
2099,173,1
2099,176,1
2099,183,1
2099,186,3
2099,189,1
2099,190,3
2099,192,2
2099,209,3
2099,210,10
2099,213,1
2099,221,1
2099,229,2
2099,240,1
2099,274,1
2099,287,2
2099,296,1
2099,297,1
2100,9,1
2100,12,1
2100,13,1
2100,14,3
2100,23,1
2100,24,1
2100,26,1
2100,35,1
2100,37,2
2100,38,1
2100,41,1
2100,42,2
2100,44,1
2100,45,1
2100,46,1
2100,47,1
2100,48,1
2100,49,1
2100,52,1
2100,53,1
2100,56,1
2100,59,3
2100,60,2
2100,65,1
2100,67,1
2100,75,3
2100,79,1
2100,86,1
2100,92,2
2100,97,1
2100,100,1
2100,108,1
2100,130,1
2100,131,2
2100,139,3
2100,140,1
2100,149,1
2100,151,2
2100,153,1
2100,157,2
2100,159,1
2100,161,1
2100,166,1
2100,168,1
2100,174,1
2100,179,1
2100,180,1
2100,181,2
2100,182,1
2100,183,2
2100,186,3
2100,188,4
2100,190,1
2100,192,1
2100,209,3
2100,210,8
2100,211,2
2100,212,1
2100,219,1
2100,221,1
2100,229,1
2100,259,1
2100,265,1
2100,270,1
2100,274,1
2100,282,1
2100,287,1
2100,294,1
2101,9,1
2101,10,2
2101,11,3
2101,12,5
2101,13,1
2101,19,1
2101,23,1
2101,37,1
2101,38,1
2101,41,1
2101,42,3
2101,48,2
2101,50,1
2101,53,1
2101,58,2
2101,59,2
2101,60,2
2101,61,1
2101,62,1
2101,67,2
2101,75,1
2101,77,1
2101,82,1
2101,86,1
2101,92,1
2101,95,2
2101,100,1
2101,130,3
2101,133,2
2101,139,2
2101,144,1
2101,149,1
2101,152,1
2101,155,1
2101,157,3
2101,164,1
2101,166,2
2101,167,3
2101,174,1
2101,181,3
2101,186,1
2101,188,1
2101,189,1
2101,190,2
2101,192,1
2101,209,1
2101,210,12
2101,212,1
2101,213,1
2101,217,1
2101,221,1
2101,222,1
2101,231,1
2101,232,1
2101,240,3
2101,267,1
2101,273,1
2101,276,1
2101,279,1
2101,282,1
2102,11,1
2102,12,5
2102,13,1
2102,15,2
2102,19,1
2102,26,2
2102,34,1
2102,35,2
2102,38,1
2102,39,2
2102,40,1
2102,42,1
2102,43,4
2102,46,2
2102,48,1
2102,49,1
2102,50,2
2102,53,1
2102,54,1
2102,58,5
2102,59,3
2102,60,2
2102,61,1
2102,62,2
2102,76,2
2102,85,1
2102,91,1
2102,95,2
2102,97,2
2102,122,1
2102,125,1
2102,130,4
2102,131,1
2102,139,3
2102,147,1
2102,149,1
2102,157,2
2102,162,1
2102,166,1
2102,167,1
2102,174,1
2102,183,1
2102,186,2
2102,188,1
2102,190,3
2102,191,2
2102,209,2
2102,210,8
2102,215,1
2102,224,1
2102,240,2
2102,269,3
2102,274,1
2102,279,1
2102,289,1
2103,11,1
2103,12,1
2103,15,2
2103,23,1
2103,24,2
2103,25,2
2103,26,1
2103,38,1
2103,40,1
2103,43,1
2103,46,1
2103,50,1
2103,54,1
2103,60,1
2103,62,2
2103,68,1
2103,75,1
2103,76,1
2103,87,1
2103,91,2
2103,92,1
2103,96,1
2103,97,1
2103,115,2
2103,124,1
2103,129,2
2103,130,2
2103,131,2
2103,139,4
2103,141,2
2103,142,1
2103,143,2
2103,151,3
2103,157,1
2103,160,1
2103,162,1
2103,177,1
2103,178,2
2103,180,1
2103,181,3
2103,182,2
2103,184,1
2103,186,1
2103,188,2
2103,190,5
2103,192,1
2103,204,1
2103,210,13
2103,211,1
2103,217,1
2103,219,1
2103,224,1
2103,225,1
2103,239,1
2103,240,2
2103,260,1
2103,265,1
2103,267,3
2103,273,1
2103,295,1
2104,11,1
2104,14,1
2104,15,1
2104,41,1
2104,42,2
2104,43,1
2104,48,1
2104,60,1
2104,62,1
2104,70,1
2104,75,3
2104,79,1
2104,86,1
2104,91,1
2104,100,1
2104,114,1
2104,125,1
2104,130,1
2104,134,1
2104,139,2
2104,149,1
2104,152,1
2104,155,1
2104,157,2
2104,160,1
2104,178,1
2104,182,1
2104,186,1
2104,188,1
2104,190,1
2104,209,1
2104,210,7
2104,232,1
2104,237,1
2104,266,1
2104,297,1
